timestamp;partiotion;offset;key;value
1670505138323;0;0;ac5b1750-0828-4539-abfc-c084a72278f1;{"id":"ac5b1750-0828-4539-abfc-c084a72278f1","dkg_round_id":"747cb6ae0812c98205dd2869aa42dc6aa1b051d6b1296fb6b33716eafee1ac37","offset":0,"event":"event_sig_proposal_init","data":"eyJQYXJ0aWNpcGFudHMiOlt7IlVzZXJuYW1lIjoia2FkbWlsIiwiUHViS2V5IjoiYTJlZ0RjOURxZmVOTEl4ZWJxam5uV1JxeGZwMUMvOTI0NlhEdzdjZXZWbz0iLCJEa2dQdWJLZXkiOiJvS0pTOStudkVEcTRvRWRuMHlsZ0JGRGZzTUxlM0laUEtaUzNQR1hzdXExZHQ4TTJrU2dPMnhoT0djQVc2SnJmIn0seyJVc2VybmFtZSI6ImJsMGNrM21hbiIsIlB1YktleSI6InZ2TmR3TjE3a2NzZUlHWDBueitodytOZytkcURrWWZiN2ZpeDEya0tLWjQ9IiwiRGtnUHViS2V5IjoicHNEMDNrQk9OaUE1TmVraUcxNUVCTjM1MURVdnlzd2ZkOUNXUlc1ZmJaUDFwTm11STFwbUlIemNTdklKeGxoSSJ9LHsiVXNlcm5hbWUiOiJadXp1IiwiUHViS2V5IjoiTFJCN2dRR2lPdzhlSTFpNUI0YURqc21wZ1dHMWZxbGxpYnN3OFF3eFRnQT0iLCJEa2dQdWJLZXkiOiJwUFF0VkZXRklkc0U2Zm9jeXdCbVNtUDhudC85ZkgxUXlFTXcvVmdyd0xJUVlzV0tBYnkzZGgweC83OXJsNVdkIn0seyJVc2VybmFtZSI6Imdlb3JnZSIsIlB1YktleSI6ImJmL1hwZ01KV01Zay9tY1BnZDNtMDZ4UFNwTmE0cVc5MkNBVGhIWGFqVFU9IiwiRGtnUHViS2V5IjoiaXpSVWlnN0ZCZi9YbkJBWVQwTTFWUnhtS3RodDRHNUFHWTRyVU1sQ05aMG9rME5TdDc4dUgxZnlYREc5WG9HVSJ9LHsiVXNlcm5hbWUiOiJFdWdlbmUiLCJQdWJLZXkiOiJGSDBGVEFWVjVndWtOZ2JHL29QWXFrZFNPTXpBNXcrQzBmMTJCRC9ZakxFPSIsIkRrZ1B1YktleSI6ImpXY3hTc0doK0ZxZmovMitGM2FvVjBVK0FaT2k2V25MSzdBVmdMMUQxbTNLcThPS0xUS0htbjljVFZtMWczUFgifSx7IlVzZXJuYW1lIjoiVmxhZCIsIlB1YktleSI6InU0U0xTRkp1KzFtcis0SkFZM0F0S1pGZ2c0eWlPK3pOWUxIdXZVeSs0VXc9IiwiRGtnUHViS2V5IjoiZzNYWFRIYkFCZFkzV2x2WXczL2tUSHc0cTRIOTRqTVJ0Y3hWVWZMZEQxRHdCSXBUSk9IVHFTdnJXdjVWVGNJSiJ9XSwiU2lnbmluZ1RocmVzaG9sZCI6NCwiQ3JlYXRlZEF0IjoiMjAyMi0xMi0wOFQxMzoxMToxNy4xOTU5MjdaIn0=","signature":"x5P5xlAZ/2A7cc01JRYJHL6JvqBxeMiRb9nwK/JHaYo3+7+YYKVLCJxwiqvlwJzXrrojYFHJ+oSUXMqltEW2AQ==","sender":"kadmil","recipient":""}
1670505211442;0;1;;{"id":"","dkg_round_id":"747cb6ae0812c98205dd2869aa42dc6aa1b051d6b1296fb6b33716eafee1ac37","offset":0,"event":"event_sig_proposal_confirm_by_participant","data":"eyJQYXJ0aWNpcGFudElkIjoxLCJDcmVhdGVkQXQiOiIyMDIyLTEyLTA4VDE3OjEyOjI4LjA5MDY5NyswNDowMCJ9","signature":"j3vstVoebV5lnhqVBnixiDFBHSdOGimFnb95/HPxz5AQrRalNV07drDDBzcuIcSmuwhX2y8G/kaUFlein9qKBg==","sender":"bl0ck3man","recipient":""}
1670505225682;0;2;;{"id":"","dkg_round_id":"747cb6ae0812c98205dd2869aa42dc6aa1b051d6b1296fb6b33716eafee1ac37","offset":0,"event":"event_sig_proposal_confirm_by_participant","data":"eyJQYXJ0aWNpcGFudElkIjowLCJDcmVhdGVkQXQiOiIyMDIyLTEyLTA4VDEzOjEyOjI0LjU0MDkzNloifQ==","signature":"xgaX5LCTJgUoxXVFs7rdc0xqTOdDhv6B0oYzDShw52R1vJa7+PgAk5n3Ojywj+d643JYaTKAq8xzB4OsfP2QCw==","sender":"kadmil","recipient":""}
1670505229766;0;3;;{"id":"","dkg_round_id":"747cb6ae0812c98205dd2869aa42dc6aa1b051d6b1296fb6b33716eafee1ac37","offset":0,"event":"event_sig_proposal_confirm_by_participant","data":"eyJQYXJ0aWNpcGFudElkIjozLCJDcmVhdGVkQXQiOiIyMDIyLTEyLTA4VDE3OjEyOjI0LjEyMTc1NyswNDowMCJ9","signature":"k9XJvCPpA27Ax7WPy45QcN38DLOgwK2sx5p/YLCXFzMxfZ1pOLYQQkmV+E3LiRrIBbOhfL2dulXpZ/pT8Mx5Ag==","sender":"george","recipient":""}
1670505268620;0;4;;{"id":"","dkg_round_id":"747cb6ae0812c98205dd2869aa42dc6aa1b051d6b1296fb6b33716eafee1ac37","offset":0,"event":"event_sig_proposal_confirm_by_participant","data":"eyJQYXJ0aWNpcGFudElkIjo0LCJDcmVhdGVkQXQiOiIyMDIyLTEyLTA4VDE0OjEyOjI2LjM0NDM2MSswMTowMCJ9","signature":"NAPS/vUA1ZxwNMN2qEm4wZ+5DIOgJM8/lOCDg7AdLsiP0pSuXuqlfSpxih+yUJII1WoyFE9hBhNIpeRJnFj8Aw==","sender":"Eugene","recipient":""}
1670505347034;0;5;;{"id":"","dkg_round_id":"747cb6ae0812c98205dd2869aa42dc6aa1b051d6b1296fb6b33716eafee1ac37","offset":0,"event":"event_sig_proposal_confirm_by_participant","data":"eyJQYXJ0aWNpcGFudElkIjoyLCJDcmVhdGVkQXQiOiIyMDIyLTEyLTA4VDE2OjEyOjI1LjQ2NDM5MyswMzowMCJ9","signature":"CfKWrTRkcVDjcr1azy9FYbaOuKYpoMXcGF8LNb5TjufV25IdusvmdRqbdmQ8rnLtIox4Vxkr5hY+OQsOOHMTAA==","sender":"Zuzu","recipient":""}
1670505981298;0;6;;{"id":"","dkg_round_id":"747cb6ae0812c98205dd2869aa42dc6aa1b051d6b1296fb6b33716eafee1ac37","offset":0,"event":"event_sig_proposal_confirm_by_participant","data":"eyJQYXJ0aWNpcGFudElkIjo1LCJDcmVhdGVkQXQiOiIyMDIyLTEyLTA4VDIwOjI1OjA1LjI5NDM5ODc4MiswNzowMCJ9","signature":"fJ2eXtZTR/LZv4nP0p3Qrx1ZfnW5QzW+TmC7kVbhZT2JGcuAC00/Vhwat5Ae5X5V0G9iTRp2g7HtB0gMi+ZvAw==","sender":"Vlad","recipient":""}
1670506148042;0;7;;{"id":"","dkg_round_id":"747cb6ae0812c98205dd2869aa42dc6aa1b051d6b1296fb6b33716eafee1ac37","offset":0,"event":"event_dkg_commit_confirm_received","data":"eyJQYXJ0aWNpcGFudElkIjo0LCJDb21taXQiOiJXeUpxVjJONFUzTkhhQ3RHY1dacUx6SXJSak5oYjFZd1ZTdEJXazlwTmxkdVRFczNRVlpuVERGRU1XMHpTM0U0VDB0TVZFdEliVzQ1WTFSV2JURm5NMUJZSWl3aWNUQnJWa2hQYXpOWVpURlpjell2YTIxVGJYRlpkWEozY21OSVkzZElTbXhyYms1YVprdElWM3ByY2pac2JIQlVUMkozVlZGWlF5OWxNemxQVkdwVmNDSXNJbWRGYml0SGQzcGFiMWcxV0ROck9IUkJiMmMwVFVZd1pqaGFaazk1YlU5alQyMTJaSEp6UkVobU1VTmtWMjFWYm1JM1RHUnJLeTkyVFZkUVdFRXZRV3dpTENKcWNFeDZOMU5UYW01T1ltOU9abkYwT0drd1lXRXlZMXB2V0VOblNXaFRPVXRuUlRkNWExQldXbGhQZDJ4UlUycDFXbXRIV1ZGRUwxZFFXRU4wWlVKSklsMD0iLCJDcmVhdGVkQXQiOiIyMDIyLTEyLTA4VDE0OjI2OjI2LjU0NTQ5OCswMTowMCJ9","signature":"0nhcXidxfEfvnroNB67fajVtNj8kw/SvOhOpM24KpsMkOVafuPkyeh5JWkxIa0TzOO5ZDLn9T1AbmoWuwTgRCA==","sender":"Eugene","recipient":""}
1670506299403;0;8;;{"id":"","dkg_round_id":"747cb6ae0812c98205dd2869aa42dc6aa1b051d6b1296fb6b33716eafee1ac37","offset":0,"event":"event_dkg_commit_confirm_received","data":"eyJQYXJ0aWNpcGFudElkIjozLCJDb21taXQiOiJXeUpwZWxKVmFXYzNSa0ptTDFodVFrRlpWREJOTVZaU2VHMUxkR2gwTkVjMVFVZFpOSEpWVFd4RFRsb3diMnN3VGxOME56aDFTREZtZVZoRVJ6bFliMGRWSWl3aWNXVlFXbXBWVTNWSE1YQTBRakJpZFdWNFUzRTVTMVpSVlU5VUwxTldObEU1V1daME5XbDNPRXBMVldzMVVESnlLMUptSzJvMlNUbGxRMVEwT0ZOTlR5SXNJbk55T1RGQllub3JjMFU1T1RGRE4yWlBWR3gxUTFWTllrOWlOR2xRVFRoRlVFWnVaMjFTTUV0TVJGQk1ZMjh5TkhjM2NGUjJaaXMyVkVGbVlWQlZWM2NpTENKbmJGbEdkVUpCYlhGaWNUSldNVmhsYVRSamRFUmhUbXRIWldZNFJ5OXZla3czVUhOcU5rczJSMFI1VUVGd1VreEpSV0l2ZDNadGRGZDNORkZoVVROS0lsMD0iLCJDcmVhdGVkQXQiOiIyMDIyLTEyLTA4VDE3OjI2OjI0LjU5MjM0OSswNDowMCJ9","signature":"NwT6+lEiqwcnKQ2r2VvhvunAYkl/99fAn/YjfL6NFqZzC2YLOdMlrQGObGty4FBDFpv+fT+NqFa5ryX2i5bfCA==","sender":"george","recipient":""}
1670506337204;0;9;;{"id":"","dkg_round_id":"747cb6ae0812c98205dd2869aa42dc6aa1b051d6b1296fb6b33716eafee1ac37","offset":0,"event":"event_dkg_commit_confirm_received","data":"eyJQYXJ0aWNpcGFudElkIjowLCJDb21taXQiOiJXeUp2UzBwVE9TdHVka1ZFY1RSdlJXUnVNSGxzWjBKR1JHWnpUVXhsTTBsYVVFdGFVek5RUjFoemRYRXhaSFE0VFRKclUyZFBNbmhvVDBkalFWYzJTbkptSWl3aWFGbEhSMDQyU21FM05rNTFOblJIWVc1cGMxa3JjMnBNZEhGTFV6bHlOalZxT0ZnMlVFTjRkMUl2TlRSTFZrdDZUM1pzYW1ONFJTdG9NMjR3YVZwemVTSXNJbkJsU1hBM01HWTFSVVY2VUZaVWVUWlZNRVJrU1hoaWIxQTViVU5FY0ZkbFJIWk1Xall6VFZaU1F6QTRXRVJhT0RGUWRVYzJaRzFwVERGRWNuWnFhVFFpTENKME9YQkJOMGMxTjB4bVRVc3pNV3RPTjNKVFJFbHBVM1pDZHpCdEwxUTBRVVJCWlRaV1MzbEhaWFZWUXpkSk9VMUJiMlpJV1dzMk9ETjJaVGhhU21abElsMD0iLCJDcmVhdGVkQXQiOiIyMDIyLTEyLTA4VDEzOjI2OjI0LjY3NjE5OFoifQ==","signature":"vH8hmnB+6tUuYsv+1CmHTNoIKUd+c5a/sBtBsQoNHj26lfQ9eSgIE46pOZSHiA7Iz4AgcB8LrSIYs0xaRHmDCg==","sender":"kadmil","recipient":""}
1670506373634;0;10;;{"id":"","dkg_round_id":"747cb6ae0812c98205dd2869aa42dc6aa1b051d6b1296fb6b33716eafee1ac37","offset":0,"event":"event_dkg_commit_confirm_received","data":"eyJQYXJ0aWNpcGFudElkIjoyLCJDb21taXQiOiJXeUp3VUZGMFZrWlhSa2xrYzBVMlptOWplWGRDYlZOdFVEaHVkQzg1WmtneFVYbEZUWGN2Vm1keWQweEpVVmx6VjB0Qllua3paR2d3ZUM4M09YSnNOVmRrSWl3aWMyZElTR1J5VWpCVloyOVVjV05RUmxaV1JWWklka2d3ZVZOTFZETjZja0Z0YTJaVlRWTnJSRUpFTmtsSlJFa3dkbVpvUXk5WmRqUlpOM2s0T1dWcVl5SXNJbWd5TnpSSllrRkVhVEZ2VW1Sc05rODVVWFJKVkRGME1UZHlWQ3RVT1hSd2RsZEJla2h5TDBsNlpYSmpSRmxEU0c1MU0xbGhZMnRPUW5WVk9YVlpjVVFpTENKeWNsUmpRM295YzBWbWFGUnhjbUY0TjNkVVdYcHpRMmN5VFc1RFExVkhXRmREWmk5VmEyd3hkVUp5TUVKdGFUQlRRVTExVlhoaU1scENZMkZVVEhSMklsMD0iLCJDcmVhdGVkQXQiOiIyMDIyLTEyLTA4VDE2OjI2OjIyLjg5MzcyNSswMzowMCJ9","signature":"9wsP05/vxIdjEiKsGgcU51vM95XUXAK0MBO+fGi79RgF4xgNGBh+XXkmCyLgKkuBB8gVynjvbcAnKAwe73/PBg==","sender":"Zuzu","recipient":""}
1670506403820;0;11;;{"id":"","dkg_round_id":"747cb6ae0812c98205dd2869aa42dc6aa1b051d6b1296fb6b33716eafee1ac37","offset":0,"event":"event_dkg_commit_confirm_received","data":"eyJQYXJ0aWNpcGFudElkIjoxLCJDb21taXQiOiJXeUp3YzBRd00ydENUMDVwUVRWT1pXdHBSekUxUlVKT016VXhSRlYyZVhOM1ptUTVRMWRTVnpWbVlscFFNWEJPYlhWSk1YQnRTVWg2WTFOMlNVcDRiR2hKSWl3aWNGSlpVRnBtVVZkbmNrUndZakUyTUhVd1ZHTXhjR2hyTHk5blVtbFFVRzlaTDI5bVdVVTVRV1pOYTJ4VEwxbHJXV1p5WmtFMlUycFFjVkF5Ynl0TE5DSXNJbkZhU3pjNU1UaEVabHAxYVdaTVRsQjZTR1puWW05MWIzaHZZMUIyVjBnMVNWVlVVM0J5ZDNKSU4ySlZaMjlGU2pOS2NFbGFWalpZUzBveU9UWlVSMFFpTENKclZVVmtVVmxLZUhkdFVGSmxVM1EzV25NMWJtMDRhVFowUTA1SGQwVmhhRk51TkdKR01DdDBWbll4VW5odFpXdFVhRVZCTDI1cVpETTNPR3hHZVZrNUlsMD0iLCJDcmVhdGVkQXQiOiIyMDIyLTEyLTA4VDE3OjI2OjI4LjIzNTM0KzA0OjAwIn0=","signature":"dIhH/GLUMwqctjo/c6OxMKAz8hFr1bWmDfqL5/m81ANCuUqSkhRd81hY0TqorG65rXSZi/XrhWdsFKkiICAdAg==","sender":"bl0ck3man","recipient":""}
1670506736802;0;12;;{"id":"","dkg_round_id":"747cb6ae0812c98205dd2869aa42dc6aa1b051d6b1296fb6b33716eafee1ac37","offset":0,"event":"event_dkg_commit_confirm_received","data":"eyJQYXJ0aWNpcGFudElkIjo1LCJDb21taXQiOiJXeUpuTTFoWVZFaGlRVUprV1ROWGJIWlpkek12YTFSSWR6UnhORWc1TkdwTlVuUmplRlpWWmt4a1JERkVkMEpKY0ZSS1QwaFVjVk4yY2xkMk5WWlVZMGxLSWl3aWJWUlRWR1puUTJsSEx6UnhiV3AxU3pSb09DOWtabmRPWkhOd2JXTmlibUYyV1ZveFp6SmpXR2RYTW1KR1puSkVVVWhVUXpCUlNpOXJlSG95YWpWMlNpSXNJblEwYzBsaFNVcHJRM0E1VUhWNlVHTlVlVUprVEVkbU5VcDNWMFkxU25GaFUwMTVXUzlFVTJjMVVrSnliMFJVV1ZCdlRYSnFOVUkwY25oeGVWbExVamdpTENKeFpuUkhVVkoyYVU5eGVFaElURWgwWmpOcFJYZHVSREJHTUdKR2VsZEtTRkZPU2twSlZYaDZSVGRuZW0xNFFtaGlVMHRHTWtOaFRYZzBSVWhLTlRKbUlsMD0iLCJDcmVhdGVkQXQiOiIyMDIyLTEyLTA4VDIwOjI4OjEyLjY0NjY5OTU1OCswNzowMCJ9","signature":"1EOkPQ0chX0rPZgCcRAFdf/I8LxFeAmrxWzCPE3MBG2W1TrGXZfzvdh+xlar3P7Jvgy/lH2+aq55GRS+t3NFCQ==","sender":"Vlad","recipient":""}
1670506850117;0;13;;{"id":"","dkg_round_id":"747cb6ae0812c98205dd2869aa42dc6aa1b051d6b1296fb6b33716eafee1ac37","offset":0,"event":"event_dkg_deal_confirm_received","data":"eyJQYXJ0aWNpcGFudElkIjozLCJEZWFsIjoiamplR1NMVXd3U1Q3ZjdUWkpJeTdwS3pSSFgwNEs3K1pOdjlESlFZVTIrSXZqU1k5NUdBYzhuRU1QR09Fc0RVWit2NklXcElUK2N3QldxVXQzSCs0TmE3VGtJZnJGVzFSZktVb1RPakpaang3dG16TnhHT2ExZE00T0JkZmtWNFA0ZGNob0M5aDdMV00zczgrSVdpb2hkSS8rUndYYVR0ZFFYWTRmVzlDd2V1bTRFazVCUS8wN2puRjZoQVNxRlVZTnhaNFRUd1laaEl1SHZhR2hjV1RyWWxMTWJ5RGVUV0Q2SVVZY3RWdlJLa3VkelJ0a0VFMndUUkJQTE8wb3UwNUNLOE0yMUV3dEJsMHdrWWdYUXhDbW5LQUsrRHFMTFJmY1RLdjlyb3lDZGY4eUtCaGZXUit6WkgrMmEzUmoyNDdnbTl2Wk9PZ2pSTlc5RG5RcUlmMUZpZXNTMHUvUEYxTmJ3bjhRVUwvZXd2UDR3LzVXcCtxcnF2R0ZVZEdQTzU3cVJIRDNMZnkrWVNvSFM4d3hjdkVJcUJzT1RKdkJONUN6RTF0UUNEaWFTSnI2bUY4MEUxWUpIcjMxc1BSdm94K0E4U0FqdTYrSmNmR0JXdURhMGhWUHhnb0ZmTGZlK1RMd0FaK3duMnNVb0xrOEthVHc4T0VmUGdvV3RkM2l1eXlrVnNSNEh0eWpqMlNVOGpBRVhJeW5jbi9ienZhZEdyWUVObWovYkExdkxMTHM4RTVsV1JuNEdYOVJwQTJnU0doaXdzMVJybHpSOHd3Rld4dXFaOW5BV1NqSHN5ZTIwS0g1NXZCOENxTHNBRm5obmlFdzc1RHJsV1JKeUNXa1BkTkdJWVVoYVlHS3ZDZWt2WDYzUUFhY2FxMVJBbU5zNmZJbjNxdlFkZHBBdWY4WWhJdWw2MDh2cEdUVk1zRnNaZUM4TDZGellJU0g5UHhwd1pJWjBYZ0d5SmlEd2RTVWhvajVnMFdlVmwwQXZnd253UjR4bm92Tzl3SExkdDlTS0RJR2hNRitxemliVVMzTE5DWk5xMThhanhpclFPMS9jbTV5VHdnRDVuUTYxTmRXalprUk5Pb3JybDhIekIwMWQ3Ump6MDNIZ09zV29wWndoVGVSeXQwYUtHOXhtTlY1ajRJbWp5S1duS21CdmYrcFk3TzdjdTg1eFEyT29Qc09haWVLSWxOYUhCU05hSTZzN0pMa01wZnhkK3p6ekEzdHJnN1VnQlgrUFNlQ051YmpsNUFtZWZGSmttd3NaeUduSDRHTlNUay9ZTmJOUmJrSWNKdUsvVXlyT3QvazduQmpVa1A0SlF0Tmt1b01ISmRkZHFiZHRsa3RFS25RakptY0FENVhpZG1objBnT3FYZE5HdkgyQ1A3TW1zZkNZR0daUTVSaUM5djNWQmhYeGVoUXBkSkE1U3ZweEtYaEJ0STl3MGRISFIyU1BPcStiSWE2VWJ5TmVMZk5BPT0iLCJDcmVhdGVkQXQiOiIyMDIyLTEyLTA4VDE3OjM5OjA1LjA2NjcyNiswNDowMCJ9","signature":"xej5QUItcLM4HbYqsdtCmgruzz6+AJryBqWEBPYU7S0XPavH1pEeoLmV55XUS+tfj/ggiJ3Kfg24UllnGHdgAQ==","sender":"george","recipient":"bl0ck3man"}
1670506850117;0;14;;{"id":"","dkg_round_id":"747cb6ae0812c98205dd2869aa42dc6aa1b051d6b1296fb6b33716eafee1ac37","offset":0,"event":"event_dkg_deal_confirm_received","data":"eyJQYXJ0aWNpcGFudElkIjozLCJEZWFsIjoic1A1NU93Si9vVmdRN1V1MkhhdGdXM1FNZ1B3UDhsSUFyUWV0b256OTFBaVhzcWI1RFpYSGFOZFViczNqVjVxNjBicEwwWVdiL3N1UjRTUzNOVWFNS2M1cDYrbUE0RXkyZ1gwVE9rRThrVTBMYnRYWG5COVc1dG8vTDErRWdIOVFJcjc4d0ZYcTBENGhuV3k3amx4Myt0eUNzTlNmeTJNTUZVQksrcjVXSkd3TU90RWhQeUVqZTFjSHhkRjVhOExBalNkaHA2WEZjcEhYWi8vVk1HMER6ZVlhaFhIQThDSWZtVEpjRFpidGlFeVlvQmx0U3NhSG5SZzIyODZ1cDVtVkZjM1dCTFk1VGVpdmNDNXVRcllweHZxNnkrUCt6THR6RVVvR1kyb0N5d3VyRTVIR1pWWnowZ1hOWTBGMlB2VHpyUHNkdFVFNk81TWpRaVRJYVNXQkN0WnY1RkVRTzZMOXZyTHZuYmdMWXYybnBDYkczclp3VjNzWkRIOFh1STVNekJrL1FBYytET241clozbFExZnVWcnU5YjIydmhoSVcxZUg2d2xhVVpEM0RMNHZIK1VmZ3oyR1pqU01GVURXUmowQ25JYzNkV05Zb0hURmVyWmhuSk9TVDg3b3o4ZjM5VlJqajA3cmx5Z2NpSkdZV3hsUzBMVXpmN3Y0TVpEanhQWXZuYlVPaURJRS96dzJ5dFJBaUhoSmFpSjN6UzFCdjNERlRKaWhnZzJKemF4c1Q3Nzd2UW9GSUliakwzZ0k5OGtUelZOeW5KUEx3bmRLL2Q3aktHKytuS0xKOXNmWThtNnhOUS96bER1Q1FzaU5kcmFScmlUS2FKaHFidnkvS3RHVWhLNTVVU1kzSlhsVmJBZzN0K0lwRG1IYWhOU0FQNjNZSS9qbTgyd2ozVXZXQ0Z6MStmQ3dSSlJsWE1WanBwKzg5Tlhia0FJaXFrb3JHVEVHN1B4K0V2OWdpVFNCN1pDTnN4MnZjRVlFVmluZjhyWkJHdFpjT0EzZk5tY3Q3dUoyenZNOGFvOW9aQlo2MzJhUjYwL3EvVmVxRGlNYU9nTFdVS3RjMnY4dWNOVzJFQjR0NGV1dFkrcVF5QmREZzRoSVNqTy9icEZkWmQxUnRJZHJ6TU00WlZybVBMM3Z5NG41NkdzN0RuaVdXWGI0VTlQRnZtVHhBbXYwUGxud0h1c2t6ZnZzU2dQdk9OWXd4WlJlNDFOdUl5S29XODYzaVJtZmN5NWM2cExUQi9PbTMzaXRpQWpNa3JyLzNXQkIyekV1cXZlSU51VnVRdENWSnFIOHNYYllYTnBHSkhDUVd5bi9YUlIraXV2VlpzbFFJZW5VQ0Y0dE1jcGZ6M0YvMjRXY2ZtRVU3WFFhQnY5V0tlYUNvVUdiWW5nRWN2THY3bEx5OXhnMTIxNVRIRzRVWjFqUXRsWXRSUUFWdE55Z2p1SThVS3p4L0p3bis4VlJNN2NRdGNBPT0iLCJDcmVhdGVkQXQiOiIyMDIyLTEyLTA4VDE3OjM5OjA1LjA2NjcyNiswNDowMCJ9","signature":"DB1SgS2a2YJfjNKj3i8hITjiigjQrRqbq6JcYqgUn2Hll52cMBpqNllUfzzz5vn64lM+hCkbwmvpM0BdcIXzDw==","sender":"george","recipient":"Zuzu"}
1670506850117;0;15;;{"id":"","dkg_round_id":"747cb6ae0812c98205dd2869aa42dc6aa1b051d6b1296fb6b33716eafee1ac37","offset":0,"event":"event_dkg_deal_confirm_received","data":"eyJQYXJ0aWNpcGFudElkIjozLCJEZWFsIjoib29JNDBBRDZ6Vm1OMWorVHBBcms0TUZPOStMNkRpbVVxODhOQ1lIQ2hyQXFsQkJZSFI2ZlJ0QUN4WlR3Mmd6NExjaXNZdVpLRWl4Ky9vRjBRMFpZSmpjZlE4Y05uYWJ1VEJsTWNzUWFiTG8zaDlsRFV4OFA0SlVuNUZBN0pjdnhtbmtPV2x2S3lLc2xHVTN2TG16RnF6ZlBObzNMWWFsSStTdEMwVEJJL0pRSWhtdDBZeEdVaWZYVGF4UXpXeHA5UHVhbFJmQ1puNXRvTTRBbjk0TVJZcmNFbGxGUFNSakJzeEd2b0trb0wvZDBWSkNBNklWMXVuL05mU0J2ekgwcVI3V3F0c3EwNEQveHUvTUc3NU5lZWtyNnVCaWQwUkZCa28xaFJaanRkNkVaQ3ZFT0JndHhVZEo4a1orL2hzWm0ySXF3WXQ5a2llTDBjcWZKdmdnN2RJQy8xSmU1UGNBaHQxRkV3MEZ1WTFOdkhQYmI0R2NZM3drdnpNZ05XY3NOMGZUa2IvMUJEOWt1K3FjdVBtaE8zb2hXVDJVUjI1TzNwVFdZQU9SWmlVQlQ4U0R6Sm5RWU5KcFJ3dEdkNzlSM3NSaWdVMkxPOWYzQzBEcGJqckNMRXJGbDJlWDBqRmg0NXBKcHVGYmZNQUhPUDVwMlp2eEptaXJ5THZLMlQvbEVzYWVtQjFoNkcyWlRucW9QbGJMZzVIcWpWOW1DSzZtSG16ek9vc0dXVjYrTHBzL0hKN2VySmkxQ1NCdDFucVhNeXp1cllCWmZpL0N0b0NMRzhrZmwvOFgvTC9JZnppc1dmL1hBd3pPTUVqRXBMazVVRnNsdHh0OFJuZjZXTzFtVVVPVTZVY0hheVFZV3Z3aVJKSmlmeWV4VjZJQkQ0eDhRMVJDbnhSQnh5b3hxRnBTYkJkQzlZSE96RW94RFBrWmFyeXl2MEVuNjNJY0hBanJtZ1kwT2JtUXR6Mk1XdWZqcjY0VnZxZ0sydEJyMi8wMkpoVDJtc2trTVBCbFkrQ2FSdzNkVHlJaWxjdkpleEJxc0NDckVrLzJHNDVXeGErc3hlVEVhQUNmdXZnRWd6dmpaSmRSN1NCa1ZTeWcxeUQvdThHQ0xWZWthODZ4Qzdzdi9UMVlIcU92a3ljeGtDTCtUekVaUzJMbkVYdUhlbjY4M2hrNXRLMHcvOXA2WTZrVzl3eWthSXBkM2tBQjYxb2h5c0E5WjQwbWFTMEdleExzTjFJYmY3ckdhZEswOHB1WDFLV2NoS251VC9tSXFwcjlqaHgvRnNicTZOdTBIRUliNWpNQVgrSUNUWmdjUG05eGI0dHNMOWY5OUdZaWNWWGhMMXFRbUJDY1NXZnJwcDhVS01hQzlpVEFIK1U2K1BQNjljbytUUWN6dUZuUmMzL3NmQzFLZnFneE1kRFBwRmM5NUhyemg1UzNWOHFEd3pXOUtueXhHcEhncVQyS0gwZDUrRWpvWUNRPT0iLCJDcmVhdGVkQXQiOiIyMDIyLTEyLTA4VDE3OjM5OjA1LjA2NjcyNiswNDowMCJ9","signature":"0IqgyCrezu06YoZzDusbU+gXDo2cWtjSTX7ESL/TNEWOznJDlObag82atqFET2ar0FIkwx1zVhagTbWh5MQFDw==","sender":"george","recipient":"Eugene"}
1670506850117;0;16;;{"id":"","dkg_round_id":"747cb6ae0812c98205dd2869aa42dc6aa1b051d6b1296fb6b33716eafee1ac37","offset":0,"event":"event_dkg_deal_confirm_received","data":"eyJQYXJ0aWNpcGFudElkIjozLCJEZWFsIjoiam9wOUl1TlJVTTI2bXFubzIzWDFUVjNEbUxXTjF4T2ZDZ3lLMUlqTFE2YUQ1OHN5L3duTm1XT0VObmRVcGNzdTkxTDJWY25oanQ1WjdVbUJwL1BSSHRhRHBGZmNBRHM0cjg1WVhHSy92dlcvMUFWcTdjd2lOV2RMQVU1TmZhenJVRElpd0RjczBjTitPUEh3Mi9YclZ1WE14Q29lc3YvNWxaTk1DdEF4ZU80MlFwTG5iNXJLWTVGSXJxZ3JpeFhmZG05NzVOVVQrcmp6V3BmemovOTVqcmVCeFBsTzFLdytEb0dmVWdmd1lrRnpzczRyY0trblk5MW9BY1RFV3VjdXQvZHpZUXorVEl3SEorS1JjRWkwa2RaT2cveDFkMTArRkxNalBSYVN1UDQzZW90bStNYmYvVXoyeFcwWC8xZU5zbkVXRHlkeW5XU1JaU2d6c251NHlhd1gyU3d2Z3NJWGpsanFEbDNDVDlwM0tXY1Z6RUZrVUFudmRaMWtweXNobVNXVldlRHlrTnc1ZGY1R25VRzZOU204L2pYWHN1UU01OUxMZVE5KzMwNHM2OGFqdVBKaHBqK3hOSG9VSW5LVVNTVmp0SFY0UGpWdjJLcEhNVTNaWUtmMnV2cDlkb3hyQm5lY3FzZnZ0MHF1UUY1aytYWHNUdWxYQTZxa3JHb2tmaEVMNjFPeXRDcEhtellPZ2ZJSmd2RlByZkR0TlpZQ05mbUtsYzhiQVFzOXQvbzd6TG92YkwyQWJoYjBjZDBIQ0pHWlNMK0gwVklCWmdOWml0YkdRR0MybjM1SXZURU5ySDh2Y2tkcFhoenc5L1ptb3M0aVJPN3VmQWxERzVhQi90YXpZb0k3VS9QQ0s5ZlpzeVovNjFvUER6aUNub0xlRWE1V2ZKZEl1VXFwU2JRNldKdGtxSzA0WS9nZEdVK0ZlZEJucXdQR0tpbkRXSWpRNlgrSzhQdnRLRm1JclBKSWxIMkx1RFVNN0VtMU1mN2o5N0NybkR3cDd0Wm8wcjdDWHM0SDZBUkFySkNYWDhndVRwRS9CQUtsUEJ3WlZ0QXJnTmduWEk4ZmVaTEp1bUhuaEQ4Y1RlNUNYbnJEejlldzArdTBUUXdWM05zWnZMZ3FzaSthZXhLSGF2OUlBcGZsNmlmekY5Q1YzVnhHOW1nNVNYajFKQWJrY2xTZ0RJVE5MRzNiRmlPaFZxTTNiUzN1MU9CSFNCQllMWVRrUHQyOTV2K2FjUlRmZUhsaTYrQlcrSVNsdlVKRDE1bmlDVUw1SWlZaHhrQ0RqQXBCOW5RUHVyZUtzYWNHcmp4VWo4bUJMaTZMMUpyK1Vid0FXbll4V09Qb1RhT1REVFg3UmhHTC9ya1laTGNWVDc0OEJxanVhQnpFWUdHUEFEcDBXbXpJeFd3aXNYQ1F4MkVYVElVbEZDdmZEQmJvSVRubGJaSytYekVUNzlXVUVraEV4dlJPMG9odmR3PT0iLCJDcmVhdGVkQXQiOiIyMDIyLTEyLTA4VDE3OjM5OjA1LjA2NjcyNiswNDowMCJ9","signature":"RFp/1p38PYa6fsJg5kRf2aVlsmxLNkBsAYy3Wlqt/kQYucnOBAzpwKiPCZScRd6PO302o6y3so5K9BHo6+pUAA==","sender":"george","recipient":"Vlad"}
1670506850117;0;17;;{"id":"","dkg_round_id":"747cb6ae0812c98205dd2869aa42dc6aa1b051d6b1296fb6b33716eafee1ac37","offset":0,"event":"event_dkg_deal_confirm_received","data":"eyJQYXJ0aWNpcGFudElkIjozLCJEZWFsIjoialR6UjJvejNrRUlEYm1NRFVRR0N1TFk1ZEpRcm9lcTVJRkRlSjJKcUdvSk4xVlRtV05sTUFuWUlQSzJJcmplK3ozVG5DNzlJRXZuZjRXMnk0ZjdNczY1Nmw3Rng1ZVR4U2szVU5FVGlPLzVqdnhxeTFiZFF6dE5FU0FwNTVITEU1TmV6aWwxMHl2d2tqdzY0dHR2UktVY3BGbm1oVzhrNmh2b0M1TjdzMzFOdktIVytzbC91Y2tvZzJlMzVDSjdPS2xEY05NTExia2p2RE5LZnRiVzh5ZHNGNEE0MUVxUjdMMjlseUF3a3BFSGdjcEJHUTI1aytrb2o3YlFQNkhKY2lzMWl5S0x1dG1DY21QRVFNZ1RRNGk4SlkrWThMVFAvejB6eE56S3BBNGxxY1hNNlRmeUhGaUJ4OEhHK21CbStMV0p4Vms0NkduREVGNHpMd2ViUzBQelhmdUgwYU5iSTQ0Vjhta1lYSkMzcDhZa1IxNE5ETzRiZjI5a1gyVmlCUzZETERldTVUeXVIQjk0YzdRb3lPNXR3a1dMTlM5and2cGxDYUlvMElUclZsRXcyS1JBV1JSTzM5ZXowN0d6Qi81aHRkR01xMjYrRmQ0QmkyUDBsZUNibTUycnltUHZDWGJLV1JaWCswclUrVTIzeTZFYmlUVVpsSTN3MkZQdTAraUVJb1RUcVBaVWJGb0hsSjRObnNNZXlUb2pwdkdaTE9vR0E4OFFEaWQ3RHB0dHAvM0Q3Z0hCcjhneTMxOGhXTGdYckJFZ0RTbzVVQnljdHBYeEppTjh3ZWVoaFordE1CUmJMallkSWxUbXFueEoyUllTWDAzVlRka3hiYy9RcHovRFZwQzVTV2dwZzY2eExEVmx5ZGhrTG9yNmQ4Ti9wYTIzdnowY3ljd0xBbEU1elE0blF5OERJM3pRcnFFbHRHQ0JaUVRXbU92TmZvbEFhdnJtK2Z4N2tRSVhta0dkMzZ2RUk2eTNPU2k5WFVhSU0vWWFWbzA4dFQxamZENS90d0NCYTk2ZGlUUHQ3cGgweHBGSzdkcE94L25IY24vWUtxd2puc1Rlbk03b2d2RjhWQVpFR1FZaTRWSXMvTFZtbGdPNko2NFE5V1E0c25OSXc2MGduVFRRM2JCcUZEUU1DbnNHUExKMUlrM0dTdEZ4cVVwdWtNM2xMT25FOFlnckkwb0ZRQ3Z2eWUvNmNFajFjOWhaYmx6MXBkbU9McFdDTWRHUWZwU0RtenkwbE1zbWxrbU15bWFKb092TTQ3d1RlU1NjWnpvN21obkVGdUIwMlgzeEJKaXNPNHgzSW5xYWIySEpYTG8rTk8zbFNwc3NnUzVqY3d3YXorNlk3VG9mc3ZDQjBkRGpLaTZzcnhxYUlmQXp0L1BodnVIVUJrZUZmdVRsOWlXYjljYmt6NkxHcWtKSG1FajV5azVES1g0NkU1d21Ud29zNnBSejZLTG9wOUYrZWJRPT0iLCJDcmVhdGVkQXQiOiIyMDIyLTEyLTA4VDE3OjM5OjA1LjA2NjcyNiswNDowMCJ9","signature":"TXIu+8qqdy8YQ0rYCFXd0RolBoYP+gAR/BdS+TM32dfPuPW1QdETrPJFSiYvG+sdpum5eJRWsvppTNlGQVrZAw==","sender":"george","recipient":"kadmil"}
1670506850117;0;18;;{"id":"","dkg_round_id":"747cb6ae0812c98205dd2869aa42dc6aa1b051d6b1296fb6b33716eafee1ac37","offset":0,"event":"event_dkg_deal_confirm_received","data":"eyJQYXJ0aWNpcGFudElkIjozLCJEZWFsIjoiYzJWc1ppMWpiMjVtYVhKdCIsIkNyZWF0ZWRBdCI6IjIwMjItMTItMDhUMTc6Mzk6MDUuMDY2NzI2KzA0OjAwIn0=","signature":"F3xyOU6wUYdR1rngFRQT2hnngBK8mM+lzEtWJrxm1owuQg1o/fYHqK6SoL2OW2Iqzw8xRlC7ZJZaHMpLOamSAQ==","sender":"george","recipient":"george"}
1670506884364;0;19;;{"id":"","dkg_round_id":"747cb6ae0812c98205dd2869aa42dc6aa1b051d6b1296fb6b33716eafee1ac37","offset":0,"event":"event_dkg_deal_confirm_received","data":"eyJQYXJ0aWNpcGFudElkIjo1LCJEZWFsIjoibEVtUGxRMUdCVzB0Z2dtak05VzdwZVIrdXFHbHZiQ3owT2p4c2lsZjU2dTB1NXA2bUNRZHh2R09ubnJJQ2w5cWtpemFSQkYrVTBnVHFRUXFyYVN0elNhNG9kd05kS3NBNE9wT2RGbUVZMjNHL08xUWVTNkxxMzBYV1BWQzlDMFBXRDJzV21CVHVDaE5IWTBENEVQTHpEYWdEd2tVMXVIS3ArRTZhcVFhYjhBcHp0eHNja25vMXhNb29XVi9yNStiam1rOHhsNTRWLys3UGw1UE9lVVhwMnRybnVBOXFoNXVUUFREd01Fd1RJRnlEWVRDS0ttalNPRStXa0tQb1Rhd0F1MWp6ZUQ0Sy9XcHFld0FrWE8xM09OL3FXQTJCdzIvTU9aVU95UnRtUW1WNy90MDFXVmFPSTgzK0R5RlMyZFpBb1I1RDR2V0dzdkVGR05DdmhJaDM0SEdYT24xZ3Z6UVAza3k2NEJ5emNtcUpNMlNDSVYva2x3Y0JoNCtLbzB3eGhDV0Q0TVdNUlk1U2E2VnVWNitCTnZTb1dZK203SVhSaUlFbVRZalc0WHBhODR4bkpvNjFWSW12cm1Vd01NdytTVDFua2FGSi9oblFqbXNaMDBNd2xZdVo0SWhSelFYNXdZYmZSR2ZiWUhXNWx6U3A2NTFSNEtvTStFZGdSREJCeWpCZHliRjdRcVRGbmNOLzlZL1BDWWZpTEdVS0pvM2RsdWtraExqeUJiYkw1YTQ5NGtGakZxZFlJUGdZN0I4QkpUUG5hOHJmbzJaTDNMS3JtVG5XSEpXUWJSV0VybDZnRGFiTE9kYm9FcEJkWS9uaS9ndnFyTlE3YlBNOEViQ1FyZlAzSmkyV0J1aEY1eS9wMS9yOCtRYTdHb20yb0dyUWxBS1ZTZjRxbFUxUTZxY2pab1lTeE9ieVRZTXBaN2M2L0tocXI0bk4yUjhRdW1LOGpHWkcvdHlvNXRSQjVCY1BxZFcxMDM4SVNpcUh6eUZuZkFSa0xZYzRKdVpYamtEMjgrN3liNDIreXI0TExnVjJ6L0dHT0JxYXVheDFDaXlvOFphVkNJNmJIbzlVNmRIRERqR2hEZ210V001bllGdnBGNlgrTktLVnJTaE9sYUJHc290a0JkZjBmYTlDZ1NweUJFS3RERnBMQzFPNmZiV0VpQ2FHU05HWWx6UzFkN21qc2l1c3E0ak9sWFNLMDlPYlpPMks5Vm1XWGczNUhhc3pJQUE0alQ5cHhIbSswbk1Yc0hSbFA1VW1JV2llOEx1UFFBVmZWTVZuemhrSjQ3dzNiNnR1ZXdyaDdiVUY0SXhBcm5oYk9QNlpBS0hQRjliQ1A5V2xsZ1RibEttN2ZWbitYNjE4OXlRd0NOYkdQOSt2SFlKRWdZSHBvNlJNaXBjRzkzbGx4NUg1Qmg0Mml5cFZ1VjZjd3NxcWMxS2NHUU95a3VYNkRwQklYeFBVZVNQM0FiUXlnPT0iLCJDcmVhdGVkQXQiOiIyMDIyLTEyLTA4VDIwOjM5OjAyLjY5NTU5NDY5NSswNzowMCJ9","signature":"ZxycStLCOLLdOKdYcAqfEI+3wAMTcKXa8JQvmW6uC0W1rSJxO5RrShZFGsM6HRxG1rS0xhMveY8iBBu7bOyrCg==","sender":"Vlad","recipient":"kadmil"}
1670506884364;0;20;;{"id":"","dkg_round_id":"747cb6ae0812c98205dd2869aa42dc6aa1b051d6b1296fb6b33716eafee1ac37","offset":0,"event":"event_dkg_deal_confirm_received","data":"eyJQYXJ0aWNpcGFudElkIjo1LCJEZWFsIjoiczZ1THRocDlqVnNuWUZDQkJMVG1BR1BpQk51TGd3andGaHRBRHpPcDRkS0VIZ3NhYUFPbjdNT25aUWtJbW9Rb2w5VGp4dWlyMVhvVUQ2TXQxUUZVNVZIK00vMThVb24rbmxuc2JZOFNaOWNicG9BSmNoWnlOZkVzaVVSZkg4aWcxR1oxUmd2ZnFzMjRTcG5JYVFhN2xTdWFzcFY2bkwrQjZTQ0hWeXJtMUlLMHF6QXNXbGthZHo3TjI3S1ZNenhkRHJLY2luMEJveW9zNnJCQjZmVEplNUZ5WFBDajNQTlcraHJxTFp6V3g1dHE0WWtvS1lmVWxYSkFaRWdwL0NmUi9Way9nS080SFdyRWlaSFUva00vSjhzTHoyL2dYOWM0WnhJa04zOU94cVMyNUNCRXJ4bStFVy9FU29GMHgxZjM2ZXNaNis1a2NBZFFJQVo1ek52SWRGRnZBV1RkNDBOS1l3V2dFaDg0aUNWb1dPNU0veUw1SXkwdnkxSjVCVkdQRjNhR2FsWkFpaDcrVzdsakNBdElkd0g1RVN5VUd4dDB2T0h3ak9hSExEK3owVURHUjV0UUNINVhWNW9WV0FwTDFwL25MN1VvNi9DRzAzZjYwQVVSZTNsWWFZdFV5NnI3UDdVeFlnZUc1cVJQZmRMS25UMUZYSGsxV2J0OVpCcE5ycitDY0FUQWRwaDVtRzNZYlJPYWZ5SHJmcWx3aVhLTDFVK0tiRWZ0OFBqcHVSTGk5R2JVOFFycktIM214ejE0ZGFEck02ZkJlNDh6UnNlcmdYYmJacVFUazFNWnFtcDdRQW1Ha2JCdmJ6Z3RvQ3I3VlN0R0RjazU0VUVUUjhianB2U29VMWp5cGJraWgxS3pINEpKTnR0U2IxdDREcXJlNUVyZnFGc3RYWHlYQVNWRjJPeEdSaFFHRlYwbndyaUtQVjBYY25mTkhZN1B0OUhDay9wTllBdUI1UjhJWVJBU0lrVys3VmF1M3lTb1ZhcmhxTkE1Y0Fzd2ZPZm1UT2FWNEZTb1dtYVFYVXJSam9Ya0dUWVcxeDN6cGdUS1h3Uko1Ukk1dS93UEZ0TjE2S2xRWG4yb1ZJd3Q4c2luOXlsVVlzMklVQWd3dUdtaUtWQ04xSDFRaDM1WkgzekpjTE55eVl2eW42NDB6NndObWZMdElFSVQvaGVoTzRiMHNUeHZYWFgzQnJ0YmVLZFdhRlczK2dJTWlGalg1Z3VyR1gxYVdRRktBOVNwOHlMWTlIQkVEN2FHSVBIUWVIeVpad1ViSXFvdmlMSExsb3JPaVZsQmNEOHlXOUsxVVhBaG9FUGRrcjcySmovd29iQXVyd3daVGN2YjhCcTNhNmFaMFR4NVZEVk00VjV4aktQaDdkU0xKcmNuRDFhN01tejJTSVc0ckhLalI4TUZHK0VOelB0Umt5Y2psMGdXWCtaZmNreDBQMmRCamFTaDBDSHNWTmxWV1hleHRRPT0iLCJDcmVhdGVkQXQiOiIyMDIyLTEyLTA4VDIwOjM5OjAyLjY5NTU5NDY5NSswNzowMCJ9","signature":"dCzoEHrtGj5xplyftmkY5dyTSIIgvpNHKV8h4UoGAC8pgbE1FEKHoj43jUtYNK5DVmae/9qEvCbI2HzmILuRDg==","sender":"Vlad","recipient":"bl0ck3man"}
1670506884364;0;21;;{"id":"","dkg_round_id":"747cb6ae0812c98205dd2869aa42dc6aa1b051d6b1296fb6b33716eafee1ac37","offset":0,"event":"event_dkg_deal_confirm_received","data":"eyJQYXJ0aWNpcGFudElkIjo1LCJEZWFsIjoicWRpVkJ4cGh3Tkx3cVgxMWdESk1nYWJRVldXUVg4R3RoK25EdWJweERWcjFJTDdvVkxNTUYyeGs4THJ5VlR5ZDYzTWxHanZINThJT2w2SHI5dmFuZCsvR2JLeUllK0IvNUgwWEt3ZzB2VFdidTd5dHFJdlRaS05rYUlCUXVzejJ2N0VSU29GL0NXYnUzamhHVEVEK3ZXZ1FmMWlRb1l4SzJUTjdjT3JiTjgydnpqS2E0Sk8wRENKNXdCeW9KRTlnamE0dkErdk8vT0lrUUUrOHgwTWYxNXpnRHNtQnB6T0VHbnRKVmtIS3JGbWk0bDRJT1dzZEs5bmFDYnBCS3JQOUFqMnQ0UnpsMm96SWFrRzhpT1NEd0EyOU8yenZzQUhNME1mVEVJU05aYXoyNkFwbGJrM2ZzS1Rqbm1kWWx4N0hqRWY1aVNkNFlVWVdQUklmWEFrMkN5VmxuUGZTaHBFVmpaT3c4VytMNnB3cU90YjRaYVd2a3lxTXFINE4vSHJaRE5UTm1CNk94UVEzdk9UYWdNR1piQ2hlMzBhcDFndE16LzlQb0p1ZVh6clpvUlN5dUl1dk14aC9EMmsrTlJLWEQ3TEV2WHFYS2tLZXZDZFRJRS9yeVBhYVZLSnpaWEZVZTVJaFFranRQbEo0bmVmbTVlbGloV0N2bWJrS1REbVQ4OEFDRzNRRVR1OXV2Rk9TUFUwY3RVOUg4bGczbFowbHlxbytRQjFLekFFZXdTS0FLa2cvejE5Nkx2SkZLTXI3WUNYZHQ3by9VcHpyL01jdlZrSVVOSXJ1OHNNalBRbDlzVW5EYTF4cU1NMy9neDZkZ2pRL1hlTkNDRVJBSXF3NEZ5SExrTG5wWEJPeGZUajVXZ1VuV29ZZ0t5REJlRnAza1ZNZEVES3dORys3T0YzSzhESjJOOTVQYTRxVUZZQ0FiTnhwUEJKN0ZPQjFYRGpUbjY5WW13UVBSTjdjakhVSCt6N3oyWUVCMFJyTW9TVFhzbEk3ZXBrRDUzeEFLbXdVb2tMdStjQlVVdjRMT2hOazBHMkNad3BZVHgxNVFmdFcxSVZsekdjdTVBOGJ6bzBBSElZa0s2U0czUHVHU2dNbWhLTkQ0MWJ0TjR1bEdwREhpOTYwTjFxVmQ1VVFwTGxzemsrY1BoWW5hWmRFOXNaWjZGMHVuRHBQYW01ZU1Sbkx5RTFCQ3pVNUpxMlZKNkltZWJoazZxUThKOW9jNmcrVWNOK3ZkSmJSb056MXlIajF2dTVzQmkxclJMakdwcUk0YjA2WFVKUms1NEIvWGdxblNBRkRPMnl1aFdUblI5cStpNmJ4a3dvK0VkVE9Lb0VDdWhVQnZFT09PR1B3elJTS2NrYjJXSWJEUEJ3S2tlUzZOM2w1aWQwTUhIaWJQd2NORVdxWlRzZ3ZkeU1QWkF4V28ycEV0N0ZKeUFyUStRdENpZkQxR2JvekxlVGg2STlEUVpkM0ZRPT0iLCJDcmVhdGVkQXQiOiIyMDIyLTEyLTA4VDIwOjM5OjAyLjY5NTU5NDY5NSswNzowMCJ9","signature":"7tz+eruBQtqrFv+8D0v4VU8z9yaEEz8SFBRn8187imXZ6KtwVK1AxZ6m/ywsyM54ck7JBpCirgnbs1uiNJkPCg==","sender":"Vlad","recipient":"Zuzu"}
1670506884364;0;22;;{"id":"","dkg_round_id":"747cb6ae0812c98205dd2869aa42dc6aa1b051d6b1296fb6b33716eafee1ac37","offset":0,"event":"event_dkg_deal_confirm_received","data":"eyJQYXJ0aWNpcGFudElkIjo1LCJEZWFsIjoiaU5IMFBpNkU0SWJ1MjltSGpZdXVGSVJXWVFiRDV4SUordmIwTm03Nk0xUWpqMjRHcGpoMVZac0Jpenlpbmw0VGJiS25nS2JraHhUazBYUzYzM3JxbFlvQUpySmV5SmVqRXI5QXp2d2xNY041WFJYTWxTT3BqUk9pSGNtT25UdUFzQmRSVm5KYlhOWUNkSlhrSGN1Zk94N3k2UldzOFBDWk5XL2FMclFzNC9Qb1djOW44dE80QUY1bkVDVmgvS3pFTjFQOXIrMmgwa1lKbnVLVVpxVm5Edkg0eE1vR3ZZNEJtVWtSY1dMQUNjREV2TGFETGxLN2JucGNrV2I0VXMwNktLcnlodmlxQkttU3BRTDJHOVRIT28zQW5PZ2V4VUIzNWU1STZHTDIycTk5YWkzUUtxaWhCNWhVakJNbVRMOXZRTU43b3U2WTZrVk83MmFSY0Jick9oZVF5OVRzRXJoL2xpMUhsQkJ0ell2SDdRSXZzS2psYkNuN2lMR3VUMHlvaFJQZnhEK2R4TGY2LzhoTExFeGZ3cW1udE1ITVJ5MU9ZR2cxZS9xWUJhUWtiTUQ4K2NDUmREdjVIRkZsMjVnOGNLRjZCV25yRmFGbVRPcHhRZDd0SGk4RmRWUEZlaVIxQlV3UjluNUZUUmg5Tko3UmpHb3hoU1UwZUhEVldtbUswWUxteWw5WUlvVGdpKzdmNWhpSWNGbDdMc0JsdDh2cTVJTFpPamVwMEhITTRXRU5zVGQxUEYwM0VDVTNRWTRrVEFKSzhVREd3V1NwelRVTVNxSTE5MGxJOUs2ajRhMS9GQVpDMUhQK0h6YWF5cGJiRWR0M0hiUGxxUndGdXlKcWNtRFpmSHo0bmRlRUhzOG5ZZGszdEpod2p2YldieWl3UnB5bytGM0RacCtFVzJ3SGV1My9ZNDlqUmp4b2kwc0dnMHRIekluYUo4bUVBdGRZTklMTEd3RFZRUDhYQ2F5ellDTVBUVmV5Ukxyd3Zla2ZkK3pBL3VNcFNwQTdXYmxpRkRmME5MZXJLdi9ZLzRJaW5TcWRET3dXakgvSlVQVUNjcE8rU0IwZ0hBZnZYaFpiNzZJOFU2aFFKMHJQbnp2Tk9vWlJ6Y0ROWlRiR0tLZFdWZ2hjdStRQU96MGcxejdUSUp2amtFVTc3UG5Yb3J0YXlWUk82b3VLN3NURkhvcUJLd3hsdE5pM1BiS2pKcERDWkkwdTNsWWMyLzk1akppdE56SVVlZlhwM2Q4WG8wSkxIQXQyUEYvb3hiQWFHaU40VksrL281VTRhajkxSG93OWg0dXZwVEVhRUpsam0vTVBia3RVSVd4cHpNTm56ZWtTdFg3c0ljSTBsNzRBUzk0Y1JhYUp1MVV0dmNQNXR2cEVhcnNpbWQ0N2tIY1ZTVlFPNGFJN2NBWUdzQkpuRXpGc0QzZ3AvaWw1d3o3N1RFWFBFcnB4enNseTNsTkEzZkFEaEYwVGpBPT0iLCJDcmVhdGVkQXQiOiIyMDIyLTEyLTA4VDIwOjM5OjAyLjY5NTU5NDY5NSswNzowMCJ9","signature":"xSDSmbgGkjEHDBL2C42BKplQ0Tcz4N+v4QpaJBPRuExR4xN8xZ4C8PXJ6Xm6lP8SePcFgFnWnXSbmr6mWZccDw==","sender":"Vlad","recipient":"george"}
1670506884364;0;23;;{"id":"","dkg_round_id":"747cb6ae0812c98205dd2869aa42dc6aa1b051d6b1296fb6b33716eafee1ac37","offset":0,"event":"event_dkg_deal_confirm_received","data":"eyJQYXJ0aWNpcGFudElkIjo1LCJEZWFsIjoicDlEeG1mT3NLcURUWUcyQVlWUStsNWp5Ykw3OHU4dUhZSlBvQjRZcVFSc2M1MEpDZlNSUkVMOUJuYW80blZmNFBpVEpWRllrNFhDM21GcVpHOGI3OXVmYkxpUHpNR2VYbmQ2RHF0TXJ6aERVVWpIKzF4Z3hRTWdOOWZCNGpvTEtDZU9uQnlPUUpWVUp6a2w3bk1SR1RLRURTSXAxYUQ2aTl4RExvWXlFa1ZnMkp5anNDMG80MkpaczZUY0VmekFRTnBGNEErbko1SituYTQ2NkdPTW1SQTNPR3ZXS1NCYVVXVmhnNzJvYUlRcTJtS0JoMllnaW1vRnl6T2xTTDNNTDJHRjFGRzR5blA0TTRzNUlsK1BPSThDYzNkd2QzMWVHK2JTMExNamdTZmc2NEhwUUlUN2Rrd1MwcG53ZWlWOW0yTWVyaDhiMWZ1T3FkcFNtMnVHcWYyUzIrUmZBdk1CSnQ0c3U2U1Z0U1drd29qVnRWU1poZ2J6MU9jeWduSjlBZ1l1cWZXT2FFOU1oTExhZlZZcVZJWlFMV2dqOSsxbEZUWDU5OE9vWCs4a08yRFpMZW16eHphWGNOV0xNMmVyNHBRV2YrVkVWanRBZ0lwOXJRRnFTdVdHRVdMM1RpZDYxTkxoMTlBM2xZWGhWR1UxZ0NXTmUxUnBlSHZ0enJlWnF6emFUTGRXUVpoNjZtbmNVV0VrdjV0TG1zWFY3SC80RkhxSWMrQkRoRldUMkNwL2Q3QURWSVZSY0xGUUpkdThQcVExeXVnQkxTTE01akpwTFVWMEpsV2VkWFRIeUh0K0RURVVTcHM2L3M5NTZ6TVNUcHgyaDJUTmdseTBuQkxyV25FaHlYdDczTFgxOUF5eUU2a2Nld1VWaTEvZzZ6dU5Fd2lVRG4wVnZyc1BZdkNISHk4UXg2SVdEMDJmb3pzYm1BWjFUN3dUcFYycWtneE8xdkxvMUk2UGo0cVFVbmdwKzk5YVpOSTE5WCtiTTN1RUdhWjFsRGVyZVlROVFNZk8rY1ZRa1p5OXJLWVpGTjFYdGpPaWs0V3hHR2xNajFEelNPZWlLcFNiOWlxd0Z4RTU3anpBYU9xS1J0Q0x1MDg5WDczQklIZHFvVmllUm5GWFh0OU5VWVNGeWx5VW1mU2FDV1l3YU9OWlRwYWYzQTZ1bjYvTEd5VjdUaHpzN0tRZjNsUWNENDhUODU1RkY0dzdNc3BHNlZWRENSL3JnTjRnb2FpOE8zQzY5VE5ZbURMK2JpMDJQaU9sblpLZjJ0RVJta21lLzBMV1NXSW85V1JXVjd4UzJPaE4zTVFSU1pxWWhnRVZocktTK0R5UnhGV2hSSFBLVkZBNU9CYkZjUENmYkxaUTdiL2FEaldSSVMxbXVMME1MYWlvb3VFTXhLVjF2SFhPLzVpek1aeXdYS2prVlhxa1FhNzhiOHJCZitaZ3l3VmcyTXlXOUxXUlRpZGw0T0UvdUd3PT0iLCJDcmVhdGVkQXQiOiIyMDIyLTEyLTA4VDIwOjM5OjAyLjY5NTU5NDY5NSswNzowMCJ9","signature":"yyO/Fh7qW5O1naMz2RlOU4MEasp+Wap/bzx+iqDah1nn96/J0ZOSs8Qn9cNL2TUYp0Qqh1q23y/6clGBYnMzCw==","sender":"Vlad","recipient":"Eugene"}
1670506884364;0;24;;{"id":"","dkg_round_id":"747cb6ae0812c98205dd2869aa42dc6aa1b051d6b1296fb6b33716eafee1ac37","offset":0,"event":"event_dkg_deal_confirm_received","data":"eyJQYXJ0aWNpcGFudElkIjo1LCJEZWFsIjoiYzJWc1ppMWpiMjVtYVhKdCIsIkNyZWF0ZWRBdCI6IjIwMjItMTItMDhUMjA6Mzk6MDIuNjk1NTk0Njk1KzA3OjAwIn0=","signature":"uB6yt45ugFRyL1EWT0CQoGNwzfbHbuZxgSmrs7NcDFjVb5UYJ5k/Kz/LsAOGKYgO6r2txqegu6HdzTN4UzQMBA==","sender":"Vlad","recipient":"Vlad"}
1670506926057;0;25;;{"id":"","dkg_round_id":"747cb6ae0812c98205dd2869aa42dc6aa1b051d6b1296fb6b33716eafee1ac37","offset":0,"event":"event_dkg_deal_confirm_received","data":"eyJQYXJ0aWNpcGFudElkIjo0LCJEZWFsIjoiZ0h3eWlYdkovc0w0YWlLVHYxR0RaR2xrSklxdDRzM1lCb01qeStYeEtSajZhRHl1dERaUWNIY2lhNjI0QkNYSWNRL2dNZHBTNEUzaDBGTm9ZZVZTYUthbFVycHNKRVp3anFvQk9uRHJ2NXhaald6Y20wU0lEaW16b0F6ZzdiRHJxTXJwd08yejNlcXF4VzBUK01IdDdRL1FzOThnU2VXbVJtbG9OQkZ5S1ZGZkxQQUoyc2RUcXhKYmJWbVhPWXY0Zm1LeFg4VEc4R1lPQ0hJc1lvZ2tKVTVPbnUyTFNXcEdCaDNlT3FaT1hhRTZXWlB0ZXkxa1I0V0FrTHpqcHB0NG9NV0JFZmx3NWpMSCtlR1pnUCtLbkVXUkJsVTBkTlhuSUZpTXhRWEJHVmRyV0NHRCsxUHhueWdPMmNGZE5sRGhVeE92a1E3SHNGbVlsaklLUVZxYUpUamxhSTljcStveGQ4UGNhV3JUV0ppTVlhVVphNVlOMmhBUkNrN1dGdVhsMisyV3BZK0l5YWV6MExyU05kRjJualllN1YvREl4V0h4S1QxajVBdVkvMlhKeGd2ZGdTNU9vVVgreStyT0tlZS9FdzN5OTZPMEREZVNxbERUVytHNmJtWk5lMStkUm1HVWZpb05Xek5nU2ViZnY3OURBRSszUzI0NWpPOUNHRitJcEs1TzdzTDA1ZlFCZFJpTURkZ0lKYWJPWnZ2OWFmbVFTaHAxQVMvTGNqclc2Mit3TGkxQ3M3N3QzdWYwVkRhdW9XYnQvZ2NzVU1ZaXduOURPUDVEcTJkaXhMVExpRlh2d2RBcitHRGhRYmJycnRITzI3M0VLVlM4eXk5eHVQb0tZS1E2Rlgrb1l0RUhsNjc3ME9hWGpQMlFDUHhablBwazI3M1JKaUpMM0VIbVNMR3pDNHlhTWdLbXlhSnFKVGRNVXh2TElRSGE1ZUR3eGhRUzhqWFA0UGlscFR6bTdXbzU2SkNrTTJhaUZZSjh3TkR0Rm9tRkk5VUhUOGQyZHM3NndIbkMyUFhDd1pzYXNvUkp6TjNkSitjeGo1REhUK1JTenhHbTBQRHpPUWl2OVpnQVlybHdPeEg4RXZJVDJCZkZWemUrc1UxV0FhUGkrQW5CTzNsU2hFTmhyY2FReHEveXgwSjlCL2FhNzhTbDFRSGFsY2lzYkEyeTJFYy9QcXM1Rk5vVTRlVHhBbzBXMG83QWF2dFhZeTcyOXNGaGIxc2taQzJsZzkrenUrZU5Od3ROVXZ6dS9VYlFLZ2ovR2RZc3dkZGFUdWZ5Njh5R1BXUXloL0JKQ2xYdXJzSHhMaWNxWEEzUThOVzhhUExqRXB2QXZBT2FDaWVQci82dnFaS2lsVU9ERDY2RWdqSkYvUGpra0JDRHI1b292YXZKWDcxL01YdHVVcXBSUVV1WEtjLzJlMXh5b2dJWHJmUDBDU25aTjJpWkN6c0lYQVJUOFFIRmlYWXJBPT0iLCJDcmVhdGVkQXQiOiIyMDIyLTEyLTA4VDE0OjM5OjA2LjcxODU5OSswMTowMCJ9","signature":"mKE0aLSAzXmkerre3OBP4VAzI73IppOiaLu8iT5Zi0MqgIMa9SCUvs/059gmYGm/TY2jqISnumidcxi0bcFuBA==","sender":"Eugene","recipient":"Zuzu"}
1670506926057;0;26;;{"id":"","dkg_round_id":"747cb6ae0812c98205dd2869aa42dc6aa1b051d6b1296fb6b33716eafee1ac37","offset":0,"event":"event_dkg_deal_confirm_received","data":"eyJQYXJ0aWNpcGFudElkIjo0LCJEZWFsIjoia2FMRDBxVXNxVHBvaWM3blBaaURJY0U0TFArMDVsTWpabjVKTHRmdmlDTHRvRzlMZ1NtQU5JZldrSkJabWE1YlVLeFhDaG5Jd3ZrQkRSdFplVndKYnhja1ZZNXJ1TjVXQTRhek9JTEFKb2dia2NManpicnJ6WlBVRUpua3I3V20xZUErZGducm53RUI4aWNhTWRoSXF3VktkWCsxM1pDUERTbXNGU0pSRGZrbjNrNi8ySVp1OWNOQTdFbEZCRGdSWEg1MDhjS3EzMDhYMkNBMlNrZ0srelNGeXdUZXBFbU1WV0pBaFpDdDR0MnRnUENmY0dhZ2gzc1JYLzBoTzlJbGdIUWc3bitTbFN5YkJsZWJoQXJxeG4rTmJ0UWFETmxRMDA2RDFNZ2tKZW95TGw0dzRQNEkwaVhBREthTmRrNFJWcXA3Znh3VlVlMll5TnR4L2VXZmhLTFR6NTdZYXVTZjZYSUZXR1lUNm9sa2l6MDlaNkY1NjhmVGpWTzRnanB5QWVKVlZTZnNBMUpxQlFuZU1sVGZCL1ZWTTltSHBJcFZjUkdSQVRWTWc0TW15dGJnUkprN1AreFBBRnBUdHBvZWgwclppbHlkY2hUV3lIVnBtYUhUWXFNdW4vNDJlR0xkZ2JGNWFnSkZXcys2QjdHa2JLSlg0a3VRdFYzZzFHOHlxZGFyTVdyQ1ZJUXZ3NHBnN09DME9KT1libm55OEN3ek5ucjNpanlRSms4RzkzbEF4NnZEVnB1SE5yKzJFOU00OE8xYmN4dEx3K1dvdFRiaGdwbUtFemFmMnl5RXpFQXVzRnR2L3NXSjAvR3Ntem5vUG1TOHZwd01yRVBkSUtnYXUvU1FOVytiY0hqalV4bXFjdXN2Q2FvMFZEQ1RnUUJ2T0laQUp6SVFRMjFmK0duNlFUK095SVVOOXNPSmJld0M2cUltZkJnUm1VQlN2VGVlVmJyT1l4OWhBR1Y2bGZ1TmRSL1Jpb1Aya2UySExoTU9KOGRKQ0J1Zlp3YUV1YXVaVmExaktaSDBub0lLdjliZFB3TENuL1duNW9qMkNIMTFpOEVWcFlBbCsxZWdTQVV2QnhaeHJ0MFZkY1ZTMUtFQW9RQ0V4Zks2N1lTVU9LMUt5S1VYT3ZYb1NOMEdPY1lSckZNeElHYmFvQUQxbWdzTFc5ei8xMVgrY2lRTWd3SFRMdmFQVGo0ZW5ab2FxWThOUnFSdTYwZVljRnY3KzhjQmtVcml4VkRyK3R2cUsvN1lOZlltWGF0Ty9INC9YZWo4SmQ2cnJ0YUVxL0xyaStOc0l1MlpDNmxMUnk1NUYySUo2alY2RmM4NHpHOE5VMVU1VGFCT01PcTE4LzRMbjZnUWJYT0lTaGlkcDluOE5vSjUwTlN6UDdNVVMwRVVDM2FPYUx3elYwOU1STlZRRE1jZjZ2NCs3cGJpcHluMzB1UUxjdEdaekNhSjRmbUp2Vm5aVThQaWdnPT0iLCJDcmVhdGVkQXQiOiIyMDIyLTEyLTA4VDE0OjM5OjA2LjcxODU5OSswMTowMCJ9","signature":"oZYFrupCtZvyndM0Byi7EMfPLm8iDZpeBq3Pvau9uBY99SOsjLPhyQEplMcKsg9U57x8BF3fuQcpwZAGttjAAg==","sender":"Eugene","recipient":"george"}
1670506926057;0;27;;{"id":"","dkg_round_id":"747cb6ae0812c98205dd2869aa42dc6aa1b051d6b1296fb6b33716eafee1ac37","offset":0,"event":"event_dkg_deal_confirm_received","data":"eyJQYXJ0aWNpcGFudElkIjo0LCJEZWFsIjoib25zSXVvY2xybkIydFJ6cXQvQ3BYbUIvWW1QOWM2cmpmdW05ZVZYWGVwUHFyajFhUnpJNXRVVXFUSEwxUkwvOTZsU0lyNUowem05WmNOSWZmcDI0dzFuYlRvZU1qYjFIVU5qUFd1UC9aSWUvWkI1MGsxU3g1RXA1Sm5LeFU3TllzeGdBQytWcW5ydjNGdTcxZVU0Rm4yNVprN3hWa3NyYUVYVGZGTXJMN0tWOG84QnVUSVVuM0lIeFdaZFFIV3p0TmRQajkybWphN1FSSFhmbjdMb2g5UmdCcUZNK0Y5M1lhKzNUK29vSHRUOHpNYmlDNm1Gb1BaUXVPNzBZM3dzZjAyMzB6dEtXUG1hVCtuWkc3MitBQUVRWEJGNFlyMmlmeTRKTytDUTJjQmhwMXl2ajBaNTczbzRaQTF0MHdDZEVEWExQbGg2TllOSW9HZ2pESTg0disyK0ZTZ3pHdk5qVmhkQlZmclk4MW5PL3l2U1ZWSGljaWJtWndRbE0vUFYycksrQXdMOE9QYk0rdVFKcTFQb3NFZ014M01UbjVrMW0xODZyRDM2b293NWVXTDZ5LzVmRDJvd1hSa0hWelNiV2RMcTVnZm9uOVZIQ1laN1RBcU42R3F6bE9lMEhFN1N4WW1nUUhQZ29ZMzEydC9oNUJDdWUwcEpmcHdXNk9YZHlJT2ZxOTRQcEZFQThCdlV0a0wzSjY5eFhkdC85aHhueDAzRzhrK29UOTZMaXJmdTZiOGtHTGo4Rnoray83MDZzUURtblNnVEtPbzBBdWRZS3hRRFUxSWlJeVZWMjBZYzkwTWErSnJWUzc2RitPclZ4eGpETENnWE1UdklTVjVZRHVKdTF6VmJTRS94NnFRcUdBckdDTldJOTM4WXhBK3BFMTF0aVRPRzM1b3VLay9VMkI2dE8vNVhwdU1MaEN6RUM2RFF6OTk2WjhZZW5paGpiZEkrcno4blBMcjZkbmc2VkVOejIwRU1YT3FSdVdod0R4Ri9sbkJ5K1NJRlZwa2wyb2ZiZWsxSzBLa1V3MEs4VmtXbjdESjNheStkRG1Ub1pwSHVVVDVlWG9OTDBNcGJwVVIwQVRaMmZUQ3cxMDg3M2FBTmJsVjMyWVN2aU5JZnlXSmRJQklBc0VwcXdwYWlzUFY2L2swM3BqeitPZmE0UXBhaVhZTDBMWUlhNktZYnZYZzhJYkMrY3hrMlhqdVdGYkNRVGdaNnB5ai9Oc2hhSjNvUFpqb1NoKzZvc0s2ZTdiM1pyTFE5UWZqL1lZY2l4OVNlcWJhSFZkSUtOZHdGeVV3K2lncDcwTUhPcDBvYkk2OVJVVHYvaWUrbS91OUJyaktkdktmU1FTdzV4RStVM2g5UEd0T0MxK3hJQWo2cllQVjdaZ3JocGpkUkl4YVIyK1V4SFZIdk9sdVRzdkppWmpaSUZwL3F3dWY1TWZBRjQ2V1lnQXpHNjdUZUNiQzJyZG1SODF3PT0iLCJDcmVhdGVkQXQiOiIyMDIyLTEyLTA4VDE0OjM5OjA2LjcxODU5OSswMTowMCJ9","signature":"LgupMXJprej2d0VZJtoNT5H9PW838rsu8o5g0MBmaE+clz2vzM6WBedo3J12RmZg2WrFEHAhHCkL+9+WMmhCCA==","sender":"Eugene","recipient":"Vlad"}
1670506926057;0;28;;{"id":"","dkg_round_id":"747cb6ae0812c98205dd2869aa42dc6aa1b051d6b1296fb6b33716eafee1ac37","offset":0,"event":"event_dkg_deal_confirm_received","data":"eyJQYXJ0aWNpcGFudElkIjo0LCJEZWFsIjoiamdTVUpVSkhqWlFzSklpaTlibGR3YkVDQVBkRUFpWGEwcEliWUJ6VTg2SkhyR2xuTGNSR0xUcVNoanFKVWlCeENiQ3cxR1hxYWs3dU95b1NteEEwYzRhMGJGVFU5NkNtUStZcmxoSkxlM3hyVENiTzdRRUFHRXhncVQ4M0ppWlJPOWlUQldoekVndk5WVENUVXlCNnpNU3ozL2d5T1VsQ3k2cTJQWnp6YlBiRExNd2lkaW1kZlhGcjlHZmVXdnpDQmxrbkk1cndPYTFaUHZrbS9OUkR1RTM0NXZpK3I1d3hZWVBEUFREK2poQVVHeW53YXFpcWhPdUd4VDZtaSs4a0h0Y1VFc2VydXcvZDNoQi9DU2xVV3cyQzNac0g0SWtiOURiZCtkNysxbEU5Yzhuc1lPVHkxdE8rZEJtdnVrVXU2a25aY1VMUWw5dTBqeEdIOHVuKzd3OWhjaTRTWGh4RG44QUlxZHNVY1dsLzZqZ2tPT3F6ZTFwVUNraDFaWTJFV3VhRDNsL1pFck1tS20xMi9WWDRGTm5yK2tWaTBxVUtzZEN1eDd4VzkwYjk3Z3Q1V2h4dlRPMVRob09GOVp2UGpUbG92Qlo0UTZJWnNVUXcyL0d4UmN4cFlwekNUS0cvanIrWDBrRlB1NHQrbVBvaFhFWWJqU0VwNVJHMTYvWmdodEdoeDJZRnVPWjREQlBVM2JGT0Nid0hsS29MSitLQlBscU9uU1BTUWxtU21rYnNLZWFXZ0ZyUEs3WVZFN1g4bUJjNWwrK3FMeUtRRjB1bEYyS3BCaGlDNHVNWlNDY2NSMmFiWHVERUd3aFJHZGRCOWJBeVJKNWRZSTRWcGtnRGdFeW52dk1DcitqZEpLQ0lYenR1OUFKYUpOUFhheEc3WlUzeTA3THIxdml3M1hkUU1RcmlaeDM0RUxsRTJUcW9naGwvaGxYaDAvQWhsWEx6Vnp2ZlRRTE8wTXBKRXpuTmxpVDFURHliYlp5T3g3YWl3ZjVVZFFDSHNjSFpRc3V0K2x5aS92Z3J6SG9FNHVPOHJGRHVQbi9lQlRyRWV5QVZ5blR6K2YyaDdYcHJnU3ZtVVFkUTc5SURJNmFaZm9GZVBQTS8rVURsTzNFdFdqeWRCQnljNFYwZXhsMkhNTWhPbThPM3cyWXFkYzIvM25sZ2dxTGxLZjNoRFdINUZOd01uYlhQUUJXeTZYNldkOFpGYXZJTTRDc3FUUzUwR2d4NitISHNlRDFsdDFpZ1djaTdLT3N6ZHgrT2ZINk1GYU1vTlZWRmRxMVFScS82clY1YkdGSTEraVZNVnhKencvTTY2d1IrS3dQdjd4dS85UWxTbjZyTkNUQm5ucXM4S3o5M0plZHU0aGswSU15a1pmWklubm02S3Z2OFBxY244OVB0TUlxYVZmWU5FV2tVZVcxbzhCQnE1VitlanIrMzh3NjRGTXlBRFdWeG4ydStJYmtTaXdmMnlBPT0iLCJDcmVhdGVkQXQiOiIyMDIyLTEyLTA4VDE0OjM5OjA2LjcxODU5OSswMTowMCJ9","signature":"6hS8IcvJJ7STjxofKDa2/0Ne4lytxcIYWpkToygS9elyq8Ib0IQXJlgvQhp7iAQ7tlW4TkYz7XbnTJC+j7W+Dw==","sender":"Eugene","recipient":"kadmil"}
1670506926057;0;29;;{"id":"","dkg_round_id":"747cb6ae0812c98205dd2869aa42dc6aa1b051d6b1296fb6b33716eafee1ac37","offset":0,"event":"event_dkg_deal_confirm_received","data":"eyJQYXJ0aWNpcGFudElkIjo0LCJEZWFsIjoidHZMd1M4MW5GamdRZ3pOa1R5Ymplb1Fib0F4NlpjVTl1K0ltRWFocE84UDZCcHEvNUJMejhERzQrUDQwamV2R1BxNXFiRy9IMUZCSlhjZEgrZTJzTlhkZmlUY0hVV1o0ZHBiUlRFRUZMMi91M2hJV3VKNFJrdFFjd2RUajl0LzkyMUtocmlpQzlNTlJHSUg2Ty8xVVhnOHljVy9rcGw2d0JMU013NnpjcHI3MGVEdm1RWENKZlRoRFYrWm9BZG9LN3h6L3IvYVJKSnFuanpDVnAxRlp3MUExWUhpZjdwUDhsZUhGWTZ0MTNrT3hENUxjSWRzNW13dmFYbU5rRENKWHFlZldFSTdWQ2NVMGowV0t4UVd0Y1lXM3hxZEZJR3MxVXhFWnBzSWk1Zzh2ZGpWTStpVVoxWnJscjJtb2JJVWFyY2sxNXBlamd4NjJJTWJKTkNqS1MrTkNBZ0NOR0RPd3c2cUlycFY2RXN6eHUvSXplM3AxNDBnSnFqT0tXODN5bnZLQnB4SlZBQStYc0VQdEFrOUtnTFJDVWd3c09rd282aDRPdncvbko2bUx2QWtyYzhyVGVmRjZZcnlpclh5VmhCYTZieDc3VFZOTCtJc0MzbnJLYlRUaU03bm42K3MzdDBiVWMxRDRrQWpqTzFqcDBIN21WWVNxa3M2SlBFeUdhaTZqQU9wVGN6VDhjbjFyTnROZmZNTjFaS0NKREV0dXN6VTl2TjUwenF4NVNUZVVKTGZ6NkFmd0R6TVppSCtGMzNUM3g2Q3YwTHRWYSsyVWIwb1dpR0FhRDlJK3E2WGk2bTFxeWlCNi9iSVRrS3FmTXVWNU5remZkT1FRZEtwSTA2ZysrS0QraDAyVjdzWEtBMzdHcXFncmR4OFBySXRJVUM2Q0lkbEpVS2IzMFM5Sm90SzMwMHNNMUhHd29qakpFSk9ZTUdhRlA2ME8yTzY1YW8yTSt3Ym8vMWU1WTJVZ2JxbGVTZ3lxMWtLNlZDa1l1ZUpzcThXb0lIRHg4WXBYclVlWXkwRllDMjE5QXBjTTdKZklvbVV1TzBUTjh0ZmhLS2xlMTlwb3hVbXBzdVVSOUV4UldzZ2tjOHFQd2F1US9USTMyU0JsMTZzcXpJRE9EQU9lZVFjWFVGRFdEL1ZqcjllZlFwRmJoSVFaN2h1V0M5aXdVV09IV2RZbXZIQzVOVWRqcWtNb2lkaE9zL0NuNHp2djQrRERmVmJ3YXpJTmxzNCs1V3J1bGZGenhWdTNLRHFIekJ0MlljTFgrbW1iamZQTjdjUU9uT3dWV1VpMVU4RUlaMmhndUc2dkdLU0YrcFZiRlgvU0dObndhMzRMWGN4ZXMwMFBia293enFSUGNCQ2YyYU9ycjFsRkhQOUlnejQwTWlsQU55N2Q0TnhSRUcvUUUvcEMvQjJqaC9xdnpvN08rc3M1TVByNEJWWXpvSHNiVFVHMU9kR2NmL0Zpc2tKYk1RPT0iLCJDcmVhdGVkQXQiOiIyMDIyLTEyLTA4VDE0OjM5OjA2LjcxODU5OSswMTowMCJ9","signature":"QAy8+xOw0ma7WIEz+egFSrCBDGI/fPkcPqT/qgbzRpj4X70Oe0VSYxvn0vNOXKrtwky/bjLR9XYjkhb0zynADQ==","sender":"Eugene","recipient":"bl0ck3man"}
1670506926057;0;30;;{"id":"","dkg_round_id":"747cb6ae0812c98205dd2869aa42dc6aa1b051d6b1296fb6b33716eafee1ac37","offset":0,"event":"event_dkg_deal_confirm_received","data":"eyJQYXJ0aWNpcGFudElkIjo0LCJEZWFsIjoiYzJWc1ppMWpiMjVtYVhKdCIsIkNyZWF0ZWRBdCI6IjIwMjItMTItMDhUMTQ6Mzk6MDYuNzE4NTk5KzAxOjAwIn0=","signature":"5PIpdJ5PYDlcyzS6oMeLZTV1dQb4ZMWipV4aIlGrvOKUjdhJJ2WcSyx3IDIf96IycrmqQZD6jh8wzcUes24LCA==","sender":"Eugene","recipient":"Eugene"}
1670506958812;0;31;;{"id":"","dkg_round_id":"747cb6ae0812c98205dd2869aa42dc6aa1b051d6b1296fb6b33716eafee1ac37","offset":0,"event":"event_dkg_deal_confirm_received","data":"eyJQYXJ0aWNpcGFudElkIjowLCJEZWFsIjoidHIwY2ZSMFVLSzkyUmwxREE3ZENQaXQ5VUpVOWxJeVJGVHh0SE1nMDZ3V2xmTHRGOG15K3JndnJMc09NU2dkYjJzTDhUWURPS1FJc3dBS21weEFsM20xMDM0NTI4MmNoMHJXbEVERzNsR1JURGlOd0pkdlNlam5rYlJvWkxOY05sL04xRmJzZWl4TTVkenJZemR6NTdDczY4Tys1bGlNd0RnREZzdm13VEtMaXBramE0Vm1yQTFGVXVGcDQ0NUkzaWxVT2xFSjhoSFpWSUJYcFR2b2xmVEFHTnVCQ0FvSmk4TXBTY3ptNXVER0E5S0h6V0NKRFN1b3ZqZUU4dEVHRFBtSCtlM0x5SENtd2NRa2pzaHFlcVZDazd0WE1ibXJ6VHRsOUNzNUxOQVM3TStkMEhrT1RielNPL1l4WGVTdEZNN0pkTG5VTjBpZUlvMFh3Z2tqb05zSCtkZVg5amljbEtIVkF3MFpqcDRCb1JBMFFyZEN0dXU3VVdFdGRNc3ZuTUc4bUtFUDdUem1hYWlHU3ZUeW5VNUpEV3lqRi9nZFVyUDRjdTRDalVuN0IzbXFjdFhCNU9NWlA5MmIvR3J2c09EUHVGYlNheWRxa2NlRURwekpldy9TYUZvTWxtZ0dsTDY1clNUTDlCbVNLM0VUZEFsY2duYzBJbUs2bjlZaElVL2lHVm1HT3IrRmwvc2tlZitlbFJsYW1TYjdSRElkRzFkakN1VWVia3ladlZzcitvUFptWGNPQWs2ejUwWFJ2RCtBWE1qZEN0eUJyOGlYTSs4d0ZscG96RjdOUXFYZ0RIQXdBR1ZacGg1MFhVUnNhVzczTGwzY0FIcDk5SWRjc0tacjB2RUVwZE9uc053UDRITmplTVV5YXZKTnR1WExmK005MVJLWGQzWmZmVm1RaWV3UlFmYlZCS2ZzdEVaM1lXZkNsK0UxbnYxaWJlNmEreDFIWGtCWGs0RFppTGZNQ2hGRVYwelVVcGJSWVp1RmMyWC8zSE92d29tbEFzVDhwckFXR3JWSHBGVTFiNm9XNUJtRVFTNGZhdFkxUHh1eFZBWTVnVFNNTi9TdVlKT09PdTc3N1gxQ3V5V3ZOTjJSQ0EvVHRWTWQ2ZWZVUVpvbzk2NFBxakFVTkFpWStIT1RuWjBUbE5XejZhQmNORm9LeUFwVkxUQnJUcDUreTNYSzVDVXdTUGU0Nmptc25KQ0lLQ24wcHM0ZVczekRKWVh4ZzBHTjVQcWlxNmJ6cHJ3enlYblJyeHlJNWFVb0NXK3daRUxSYWYyTjlOQTR6MS8zTVNyNHI2MnR5b0xIdlpIRGNQck1jeXBFV1dYRDNWZVU1YlQ3Zi9QTnNRWWJnc05BcjZmaTVqUHBDUlJ0cDJET3l2V2s5MTVBV0E2c2dLVE1KaWRTdkdxM2JZK2FzV1I5allWR3VKR3lvbnV6eDdKUHJ1amtkZm92VXVtbDJwLzA0MCtmcXZnPT0iLCJDcmVhdGVkQXQiOiIyMDIyLTEyLTA4VDEzOjM5OjA0Ljc3MjQ3NFoifQ==","signature":"yilx6czhydbRAhj8KtQ3+FsFOKH/95aCjTtd+NdfYuzqyKgrAFSAPsF8wxTSlmqgUQOIbTAIPyHb+wb51DFHCQ==","sender":"kadmil","recipient":"bl0ck3man"}
1670506958812;0;32;;{"id":"","dkg_round_id":"747cb6ae0812c98205dd2869aa42dc6aa1b051d6b1296fb6b33716eafee1ac37","offset":0,"event":"event_dkg_deal_confirm_received","data":"eyJQYXJ0aWNpcGFudElkIjowLCJEZWFsIjoiZ3h3VnYrN0Y1MHcra3o5dDVQZ0g1OGJuS1BYR2xZRkVrNVZ4d2diSGM0eVRoY25ySytFUFdkcCtTWFBvTUZqVVVDaUcyS2VpUFpZNEJyaVBtUzZ3MjBKQ3ZJR3hOZGpYeEEzRldFZW4zZ2cwcXpCOEUrWmxwRE9WbXYwU2JMUGdXYXNOTU9jOHJ3eXpRdWhxTWFMYnF0blk4VWtPd3JYaEpDWjRiZmpUUW1GcThRYkN1Q2tpRmFnL3kwVFZyQklaUE14RFZWckVtTzRGNXV3Z3B1NG1nUDNaUEQvODZEWlVyRkFNbEZQT0pqby8zUjFxUmR0dE8yN1c2V0NpdGdwcC9KNG1CN3FZcmxTeDd6OXVBSndTbW1rWFArQ2QzVVY5NFIxV0RRMGZOMUlQY2dWOGlEM2lrSWNjNXNuUGVpNWJGWnZHdG9JcjFadWVDMEU1eWY4QzNhaTgzSGtEOUNuV0swd01NWFN4d01VWmxZdHdEWFBLOElRUHZIL29Nazk3Q1duNXovTCtxWTB5SGdWem5vYlVyY28zRmFGVllReEtjN0VIR1FZUFRQenJEMzJGSXJ0cENzcUw4T01pUStQM1VvYldLMndIczU3RlVKelNnVHY2dm9vN0pJVnJjcjJLR3V4djZxNzJlL0NuaENoaHhpZG12aklHYW9yZDh0OWR1NVk0ODRpaCtiVnU2ZFZwOFUvbFpKSmdlbC9KUVg1bHg1VE9Vc05uaXNPdVhDOEkwdUxmRUpHRWRFMGhuTXJiR3VSYXFrRGkzUHRaVVZ4QVRISm1QeXR0R2puYjh0VzV1SldkYWdxWmw2TkF4ak9LT0luTHFTSnN4NDJweHVtSzdsMUxwRlF3TlVFVjRjNHVTdUMzNnNJQ2NFZDNvZHhOTWU0OFljdFVuNi9FYTRkbERoYjZSMHloT1pJVUFsaUw0aGg5MHgveHkrcUNVeFZRTE9ibUJqKzdTQUsrSVYxdUJLNzBCWXI4LzRZWnVaNVVQM1c0U1JsTFlGQ1JEcWVJUGdJNDNCZTBVbVpaL0lVQnRicXBVakJEMldoamMwb21PQmhHSGU2T2RCTWFjYnh6VW5sMmtuQnNzM3YrbXYyTTBvcTRMMUNtZzZzVTcxczRqdmQydUFISmpGU3FoTzhRc1l1ZzVBMitRMVRHc3FhU3A4Y2hmZk81THdrOEFmb0J4V09SdXVpT2o3aGVTL1FBZGdpUjVaN1lpNXV4NFlxYUtoVW5QaWR1MXN5YWVxVG41L1FnRzZrT25BZ25ma0gyZSt2Y3FSc1doTXpwSSszck41SStUcSt3SlJkcnBLZ3pJOEVaZzNZZWwrdkoweWhGTXQvZGMwdVR4RFArdks4aGJVRFRaWjRPYnJIQ3hqOU5WVHZuSGFpVTE0WG1OZFQyU3JqTFhpTjE0UFVrVFhJWDB1ckZHbDEyc3NERHFPRWR1eWxJZ0JzUno2eHdvMG1CWHNBN2pnPT0iLCJDcmVhdGVkQXQiOiIyMDIyLTEyLTA4VDEzOjM5OjA0Ljc3MjQ3NFoifQ==","signature":"s2dHwHl9Irqd5M5Z5BcnORABoc76dQ8oTJ5Jb1faXMyQIhQkQEPQ63YK0ltyhuzESscZ7TrHsOFvrTGrYivlBg==","sender":"kadmil","recipient":"Zuzu"}
1670506958812;0;33;;{"id":"","dkg_round_id":"747cb6ae0812c98205dd2869aa42dc6aa1b051d6b1296fb6b33716eafee1ac37","offset":0,"event":"event_dkg_deal_confirm_received","data":"eyJQYXJ0aWNpcGFudElkIjowLCJEZWFsIjoidEhNWWpYU1BZZURadkVPYWpPYnlma3dxVTZxVHZONE9XYVZ6U00yOStlVERCUzNXSHNaeTlGTzdLbk1sMGdsd011S1RzWlN4ZFh6cHF4S3g4TGh6ZFpsVFo0NGVIUm9Fd1Z5c0VvM21HcndsM3Z0WERDNzhYaHhxc3hjcHVTb0Y3cTg0SlVEbTBVb2x5THI3UmJOWlhWMUlyMHJpc204bEZxZzZkdjJ1VjB3SW80LzdTZEJkc0h2WUNjVk1iUDI5Vjg5Y0dsNzZwb0xRZFpEaHFDVFBiMlIzY1RhS3ZiK3ZncUNObTlVRGtiMzZTUmRxc0h4V2oycEJIajA0US9wc1dGMzlQYzNUb0RBbzZ6YkF4WlVCK01KWTUzTjJyUUNZRDc5UHVBQndMYUZBaktISmhFUXZVRGF1cXVqZTBDcEVqV1F3NlExZlVFNzVFamZsTE9uSitjZXd3M2RDbTlNdnBIWFFkcHR0amFkUitBa2RPQk5Ba3NyQ1pteU9aNzFiR1JqQmhDV0wyeVY2L2xJdjV0L2RrNENDQ3BXUmNlUUxFdWlBTW5qdStnUjZ0b0JIWG9nRU5MVngwVmNBcVR1NUtvQTNqdFZlZmROL0hZMjJnZnEybEtScXZvd1JiekIwdUxqc21XbFRxc0VlckV3MThEdzhTUG9WQ0UxbHkzdEhUZWRQV2c5UXcwcVZtK0dVeS95U3ZrNXBSbHZyMEtIb1R0YVpnZW14U1AzRXdZeTMzcmhCb1pnTnA2aGsyN3gxU1QxU0srZnUrZjl6L25EWnIzQjMwQmEvWitYeXZCYWVjS09DWlZPZC9zZ1R0UUVVdWZ0cWdDbXZwQ1J0ZTNkblZXV3FMaVBkalp1U3p3RUFUTW93MEZaa2w5ZWtxNmFnbFdTakN5WWRlVFVmQW5XcDBjcElKZENONUt6WHBrN1hWNVF0VkRha1NDcXVtQkxpR3JtTTdxVTdrSUZ2aGFmM0tJeTNLUndIWFhpaG9pd2JLMnlPSVUyRitPOUw2U0VHeHZtOTdaUDhwdFNuTW9HZmtFSlp6OFR5WVRyU3dXV2NzWllJNmROTEJFUk1uemxTMGtQTW96akNyRkZMb3FsbENVUHo0VW5sbm9oQjdwM2dKd2xWdzhFQ1ZIYUtlMXFDelFSSDhiQWF5SHU1TVBPTy9hd2V0RjExOWgrYjhUUGtmUmEwYmx2MTR3dFJaM0w5YVRxU0RPZEdWYVNqMVp5Q1NXZGN1MlBhaWRVYTJtd2ZQQ3c0MU1icTUxcEcxRDdGYnNyMmVDckgwSkdSOWJrR0hjQ1hiRU1ZYTdpK2ZCOWNpQm5tTnpZQThqM1BxN2ZSN3l1QW1vQytWandyV0VEODAwc0NjcW1OZVp6QzRIUFJ3T1d6R2xBcnlqVjRBZ2ZNVC81cXkrZVVzaytSeWw1di8weGNwNmtDSTMwUXRQT1ZkMGw4NWRjWlBvaExGbWRLSVBFZ0tBPT0iLCJDcmVhdGVkQXQiOiIyMDIyLTEyLTA4VDEzOjM5OjA0Ljc3MjQ3NFoifQ==","signature":"SqJ/pLNl3s31+iMgmqzIc6BMsuz2Y2Q662JHb+uCcAPCPqc31hMI0ynX1uEP/t+yQi96nR8jd1kfCWIit65FCw==","sender":"kadmil","recipient":"george"}
1670506958812;0;34;;{"id":"","dkg_round_id":"747cb6ae0812c98205dd2869aa42dc6aa1b051d6b1296fb6b33716eafee1ac37","offset":0,"event":"event_dkg_deal_confirm_received","data":"eyJQYXJ0aWNpcGFudElkIjowLCJEZWFsIjoidHE4NDdVQ2JBL2xQT2cwU3JmUDN6VHFaaDRIcHRDQVFVbTh3MG9zNFZ2WDdJQ2w0NTlhODdlYkdKNXk1Mmh4WHR5a3BJSjJFTDNUbTVQdWk3M3lkYVVjVmVGejJVLzNoRTZuc3NPeUcwY3hWV3JreVZ4R252S0RsTUJCVmEvUHRQWkhsTFJXMkNmbTZ4dktIQW5xRysyNXhuTFJGb1ZlVGRUR2l0WFlEelkydjVJY2o5QzAzSW9NeW5obE5QVlVrRklYSUxMK1UyS1dkWFpPYk9mMi9CcUlvWXpIb291VEpHTVBzZnFIZ2RTSndsV2xmV1J6d1B0cVRXcFBVREZvd2lqZDBpcnVaU2tqWDNjVVk0YXFLNys2b045K0lJOXJqYjVwL09GYVVSQUcvVXIzTHFuWnR1ZVk3VEdJMUY3RUdkUWV3T3BEZVJTZStHaUlVYUxFZm1wR2VLNjh4cEU0YXMxb1RDNUtSYUZZK2YzTHRqZnJ3MUNYZGN0bHVDL1hZbmo0Q256V3BmT0h0TmEraFVodDVrQmlMTFlQWkdiWHlRL1NGUThQWjQzRXZ4TWllYnkxMGNZNERqZytGck4rY2kzUEN2NmtHbW1HbkErVjRtM3NWTTkwYWtBSTBpdEVkUjVidFV0WC9FNVZqWTExNTJ2YWVoc1lsTFJCRmhJVHcyL04rYmdJZ08zY3pDa0ZVOTUycDM1ME9KZEVTUWhDN3B2QXJoWXJnMmc1V2ZHQkh1dFh2WEhXWXV5VlRVNHR0QXZZQng5VmU5YW1vZlpEOTc3SmhmVm9FVkFJd2pLVEJxK01rbStXMU1vcGhEZXIyQWNxYlcxSTV3RUhKNlJmS0pIbmZzeWgwZ0h4Z1grSFAwQ29nYm5jMTIrVDJad0h4Z2NvRC9haktZbUR5R0NHYUpkYU9qTjZxRDlKYVcyYXdaYkZ1RjJqOUo0SnlmZ2hvNmtseUY5b2lzY1lTV1JKTkhxVGlXdE5QMnFMYTduaXp3ZGZMeDR5N1RQSlRvTThqUUhzRktTK3hWLzNOZDJXVHRTcitFMDRVSk92WEhkajFHOVBuMklvQ0pQL1FzbHBhOTlseHhuYmZHVjhOSy9ISlY4YW0xUzVub2FvNWMwVk5kV3ZET25GaVRHY2psZTkwQ0dHSlh2WG5hT0hmZzJLaTZjV1puVU1CanhsanFyNDBjRDVQRWNMSDZJRFlocThHc3N0VHpVMUk2KzQxR0ZNdGhUc3dySkNFOTVQdnlTVndaUUo1ZzRBaHBJTm43K3VyY0lkNXBlSnBNUzJDTmFOdzJaMnUxWTl6dEJ0NzBHNnVoNUVkRk9mRzNzSjlRQ0Q1V0lZS1BGMzRnNUxNYTc3NTdwZGZ1ejJXUnZWV2JxTGEwT0ZreGoyWUxTdlBpdzRhSTNUbnROaGZ5bHVjckQ2Nys2eHFWeXNQenFaK3NJdXF0aExZdlBqY212UGluR1ViakJWK0VBPT0iLCJDcmVhdGVkQXQiOiIyMDIyLTEyLTA4VDEzOjM5OjA0Ljc3MjQ3NFoifQ==","signature":"pCfxJLFwdhPVlVfOL/p3lL2ug83fBS3KP4PYHf68uuGmml+fcGAOWGceUnQ7IH22wyUHH7l1S58DpfhwmGhEBQ==","sender":"kadmil","recipient":"Eugene"}
1670506958812;0;35;;{"id":"","dkg_round_id":"747cb6ae0812c98205dd2869aa42dc6aa1b051d6b1296fb6b33716eafee1ac37","offset":0,"event":"event_dkg_deal_confirm_received","data":"eyJQYXJ0aWNpcGFudElkIjowLCJEZWFsIjoiaC9JSmZ2N3l6WDdMMUdBSDh0VnlTTDJTdUtWa3BQbG1DOGJDRkVPYUw3WDhGbkErbVFTYnUxbEpuOHFaY2w5Tyt4MXNYejQycmRyOHBUTDExY1g4MnlwWkMybk9CdG5RcFZUWmpKaXhPeHBwREQyQUIrYy96eHM5cFFFR1VqMFpjb2pTdXF2alRVRGRsZ3ZXcXpnRDdNVDlqdEVlRFRHUExjR1lmb09yamN1ZzBzWWpJakhHZWp4RVVJcVZPT2J3dlgzK1MyN1VadFMxbnNyZmlSN2lac3FOVzQ2OWdjZEVsUVp4U3B3VHFJT3hEZ2ZpTFRzTHZHemVUK1BlMENNbkxJSkNTZjJiVVl1UG9WMWkyRnBKdklDSlNoRXc1VENzM2k5eHZTZUdzdVdmbE0ybWw4YXlOTkdHRTBQNGduOTdqT1lnQ0Z2RThCSzAydktLSk9LVFJ5c1p6SlZoL0NBcnpsOGxiU2hBa0NVcldjQzRhMHcvbk5GRHIvc09BeEExYjkrckhycjBNZHpISHFIY3dzSm1XWG53UTBCVTVoODBFUDE5U1RnbUlmRWJSeGoweTIzVmo0Yi9uNTYyZW1HMUZ1Tk5mWlFiMTd4c0J0OFZsQTdZNEh5Qm1SQXBNRGJrOTdFYVBBWllsYUhkdWRxQ1NVVTlwMldkdVR4WFg2ZXNRcWtWMkdhWm1zNTlURWpNZ2hDcFU1YWJjVFFFNStuQ1gwOEFQc0R0SzNvZFFVMjJRTEw4RUlkb3hmQnFzK0greVpRdzNPRVV4cWY5Vmg0Z3JBTzBkMTVjRm1lLytpSXU1aXBHTDJpNjhyWGNxYWJ2VTZSQ0JGVC9jTlBBcDJzSitDQmVSN2l5UWlPVnNOOTFvM2dKWWEraTdnOE4wSjEvYmp3VlN1OFZtOHdBbWw0V0VDYVR3REIvcHhZQ2E5aDN6ODVmUG90djh2K1Bjb0ppcTgzQkJ4eWdzVFUxSmpkMDdCcEEzRmlIUW5QS0NUY2dCOGpScWk5QnY4NG4rK0hEZ1B5NnBpYkd3SkhGM1FuVFBqWlM4QlhFMTJySlRUL0pjc1hLdHIwelhWN29EdTZqRStwYmFIREtzYWZNblFjYzNFNWRHaCtQSVY4SmFGTEgyQkxpQVBQRk9tNnBDWDd1QXVPNUxocEJORDhXQkVNWWxJa1FMWEJEREhvSmNBcFBwb2p1L2pLUFg3c1I4Y0hocHJFTVFnM0JxcnFqekwrNG5EU3RLTytpZmZCL2tINWcrZnloZVBJcXVUQ0tNdUJxL1RTU0ZPNExNN2tkN24vYnZqa3JkR2pRcDJ2ZUFlUE1nUmVBaUdBc1o2UzdLa1c2YW9qbG1rN0w2S1V2cnJtSEw1WUZKK3AyUEhvOGhIM3RFeDZUWmloTEN4RFhCUDNJa1AxYjFpSWRIZFp4Zm40OXorS21ySjhzQ2FEK2pKN1A0RFdFcG5CUFNvYjdhUXVLU1l0TG53PT0iLCJDcmVhdGVkQXQiOiIyMDIyLTEyLTA4VDEzOjM5OjA0Ljc3MjQ3NFoifQ==","signature":"iUA5wIMpfsCJ3fzxOknSpOgl8DvfMSjcdCQktJO3jFEx4WWoXNSrX/3103Y733d2worp8KUi510a5oa1w0ueDg==","sender":"kadmil","recipient":"Vlad"}
1670506958812;0;36;;{"id":"","dkg_round_id":"747cb6ae0812c98205dd2869aa42dc6aa1b051d6b1296fb6b33716eafee1ac37","offset":0,"event":"event_dkg_deal_confirm_received","data":"eyJQYXJ0aWNpcGFudElkIjowLCJEZWFsIjoiYzJWc1ppMWpiMjVtYVhKdCIsIkNyZWF0ZWRBdCI6IjIwMjItMTItMDhUMTM6Mzk6MDQuNzcyNDc0WiJ9","signature":"EKM1yF4KBnFVC34oa/pkE8Fxp9fmWLaj6GrL5SWTQXCniSqLG7guKjVzedimRr2eoXODxX/NbijbRxuwkE70AA==","sender":"kadmil","recipient":"kadmil"}
1670506961434;0;37;;{"id":"","dkg_round_id":"747cb6ae0812c98205dd2869aa42dc6aa1b051d6b1296fb6b33716eafee1ac37","offset":0,"event":"event_dkg_deal_confirm_received","data":"eyJQYXJ0aWNpcGFudElkIjoxLCJEZWFsIjoicWNYcG1Qa042cDltZmg3WXFVNnpNRndTb2sycER4VjhVZWd0ZitPTjc0K3hJMW4veU5ZSjI4V3p3OEg5NEZhdFNlQVVRTHZRdm1NQStpUks0dGZDRERRaEcrbmQ1OW0zSHBUK1BKTEhIck5QbVBPWmduRWZVUzN2ZzBZcWhIT3NaN3diUndxMUpmb0M0L0xGM2pLVkJsNlNDZ0dHcHdHcmliUi9PTjFSaXgycndOTFlwMjZKWGhVWkJEeC9qc1E1eXlLWnltRjk5VVRuMXo1aWZMODRjVnZwTTMwR3ZPWnVkbUp0VmNBem9HZUh6N2lUb2xwclQ3WkxKbXNsWE1kNTB2bHRFRFIyNklYUm5sVm9tUk5oZzZwTy93VHVJRnJuTHIxKzB4c2xtSGZKSkhUcVMvb0I2ZkF5eEJPZkdSVzl4RXZob3hra09jTmNXUDloeTBrVGRLckxYRlhsdGNQYVRRanN3YVBnN0t3NWFmUStyYVdiaXdWZkJLVHQzSDhYRGk0UUpFZEtWeXdpQmFkU2ozZkh6VEVHaEZJbE5sRDFndXhGYWxJL2dyY2FCeEcxZHB4NjV5MHU1S3oweXF2RTdTYWxydFk2SmdBQ0o2ZFdTQ1Q2ZU5lQlV5bFZYbHBFWXFIQXFwNXFmWHdtdnM4NkJJbFQ0WDNwOW1qZ1NxNU80UjZUVEY5Q3lMS3QvejVPcVR1VHFzcmU5THBLRi9QNUdVNjFCcDYzUFQ1TWw5cTRhSkoxck5mdjBCQ0x1NDJHeDh0a1k2Y2hPMUdxTTNUQUxTS0tZUlViR1VUaWVJTEovd3U5VkprdnhpMHl4VU9EdjdrNUg2dDM5OTNKMXRhTXdPWXMwdE1PY2lNVFZFOEhZQmg4U0RYeHZ3NmI4VkJwSzROSHphRCtjamFsWGw0ZksyTTBSelNpaFFnWUpCeGJBTER3S0lXNEcwVnVmQlBYcEh1aUFyTGJMRElhME5Tbzk1TThwSTFObTJnWFBwYWxFeFpyL1NKWGpTZnJwTS9SZldRM3NOVHFJTzI4SUFhL290V3BLaE42enRsLy9ieVpFalkraGErMmphcUxaWElmWkRXUGlyM0s2UUZWd1pYTVlYMUZIRUF0STFMMmlELzRPMVdjY0lXbmhoQi9HYy95MmJ6aEo3L2hLT0h2ZFdhc2NHQ21nbmxFTmRETGNHdXBRR1QxaGp3VUlQb3FUV01EWVdEOHNSa0ZRR3J6a3k3TUFNUXJDNkxDMjNreitWbXdkT0gzTFAzY0hBaFVsZ1NnRTErTEtEUFYvV0l2N2NIYWJtRDNyK01vckNIaXowU28zbkpiVDlXblNwbHBDWUFqQmtYRXZjSzZTcmZXMnd5SnpSTkM4dGY4Uk9yWG5aTTZTSDhkaHJkeUo0Skc3NUJMNFloRnBaVzBXQWdob1daY0pDemdUMTE4Tzdncy80b0I5TE5zTEE2VVorNzFWOSs5RkZ1dTZnPT0iLCJDcmVhdGVkQXQiOiIyMDIyLTEyLTA4VDE3OjM4OjU4LjM2ODMyOSswNDowMCJ9","signature":"ebe3pJJqqBgmgRPKvsCU5ciMwav1iPMB6kPKdGfbx4TDpovWud7pzhMvszPSZeS1vVQ9QLozBhyjJnfkVdCdDw==","sender":"bl0ck3man","recipient":"kadmil"}
1670506961434;0;38;;{"id":"","dkg_round_id":"747cb6ae0812c98205dd2869aa42dc6aa1b051d6b1296fb6b33716eafee1ac37","offset":0,"event":"event_dkg_deal_confirm_received","data":"eyJQYXJ0aWNpcGFudElkIjoxLCJEZWFsIjoickJJY3NnVWZFVXp0QjZ5ekpURUloWmZDVk5oRjhnd3lHYUFoSnpYZUFhQ01Oei95cGZtWHh3Z2pteTYxdG5GekdWdUMrUmZaeEJkQ0VLVmtBOXB6SjJzUXhHMmZxeDhJdmxTME5YSEFlenluNm4xR3JpdUtjWXRmNU0zbHFCRkRlRnlPL2h5cncwYXBwUDBzVWEzcE9zZHdlSCtKeElaWXhic3VOb25sL0NGK2RuR2dDTS9QandFU3RpN0dyRzB6R2Q2UkovUE5NRGhKNGVSREFlNVN4T3dwbzluckVCaHdNc0c4blVHTFVQQk10MmV1UzNwUnBYUHdlM291eFhhNVhLRUtGVFhDTDhZaXU2MXNkcXAwaVZqYlhqTzVjTUJjVElESW5xVEkzc3V1bklrSk9HNlR0Rk5ZQ0hPSXFkRjUyNzJqQTlZamNrajh0WjAvcDVpVWo1b3hoK25hUnpjMDh5STJwaUtDT1ZXOVZvZmRndGQ5ZDBtWVRxVmpuak9GVFRGaG8vM0tpM1psNm1yYzFManZHMTVBQ20veTlOd2dVbjllY0JHSyt4UFBWZzYxT2pabGh0cW5kVUszdlB0bEJqczFnNzI1ZjRpYVBjOVA3VnlPZkFoeDF5Z2NSbXFUSFBhclR3R3JDMFFzeGdldUZjVndGYTRiUHZWelpUUVZoeTlMMmhqUUY5d2EvOElSZ28xd0M2b1ZYMkZWUWtidmlVS2VRNFlNcmF5RHZYUTBkVVQxbHVhWms4S2RMdWd6V2xYblppbGpQeVlGeS9HYnN6Z0NpRTFvdkJJeUhhdEFIQU4wdm5YYkxRdVE0NGJuZmd4Zmt2bWZPUnBDM0FIdk1PNGVrZ2FNb05acHFGeklvcVAxV1lJOEpXWmkxK0JneTlBdVFsZm42OFEzUjhZcEJwMlVxUVZBYk9YdmVKNmNVUGVycjRXa2dwbUY3NE5JSS9SVjhONDBaRjN3ZXhFN3lNeTFYYzduaDhLS3djQy9TSzBFSnhqZWcrSzdUWWNIY3NrcmNGNWg4S0xKK0kxSko5NGF5cmZiUlZzcTJWbnM5V2FHT2lMdDlRdWVmMUQ5Z3lVdkNYcVM5aWF3TEJvbjVoZlB4M2pXbFBhMnpMSHpOTzdNUHhxdldUd0E4Q0Jwci9NaFF2MkgwUlYzZW8zK0t1NnhsSnRnU1NBSVVPSEY1OEdpMTZneEhtaWc4cmpRTGp5RHNGWEk3WHZYV0UwWFlJaDJYTG9yNkhCMUlzZ0JVVWVYb2RGakw3b1pEdlZyeCtQR3hFVmFxbk1BTGx6aWJ5dkpsa29YLzdmTEltSGJBMTZBUkhWUTNXaEJQa3creGRZbjlXMmlaOVM3VXFDRW1Tck1sM294RW9lWXIzTk1WSDlyRVdXNlBMZnVMNDg4OWNNSG80bmxIWEk4ckZmL1FoaTB5ejkxcE01cXJXNStTcGs4akRGNHRERXJCK3EyU0llZVlRPT0iLCJDcmVhdGVkQXQiOiIyMDIyLTEyLTA4VDE3OjM4OjU4LjM2ODMyOSswNDowMCJ9","signature":"wjeU6cMeYBZMBvCx5wijEMJaWvmV+yCpt3/Nw1GLeefdjpAeb5Z/37mTCUTsUKiB5mzBFmU7qwwXuO2Yfg9TAQ==","sender":"bl0ck3man","recipient":"Zuzu"}
1670506961434;0;39;;{"id":"","dkg_round_id":"747cb6ae0812c98205dd2869aa42dc6aa1b051d6b1296fb6b33716eafee1ac37","offset":0,"event":"event_dkg_deal_confirm_received","data":"eyJQYXJ0aWNpcGFudElkIjoxLCJEZWFsIjoib1Qrbi92d1ZIelRhcWdVc1NuZHQ2SCtuWmZCWEVHZVhjdDc1aEJFUyt2UGlNODZLNU1Hc3doMDFLTEFGT1p3WTNTOGZEQTlQV0VtVllLU1htdkV4aGF1QUtRK1dkMEVVcE9ncEdXb0ZpV1RzMFlMd3ZTeTU1a3ZVRXVqeDNGMmdjRTVSS095cVpoOEFDc3kycmdGU0tBdkQ0TkFweGdkdTVmQlFhU2JyS201OGFUTDFtQXlSY3krcjhTR3JDZmpWSGVXZmZRQ2hnTGJaNDl6V2dzblRRNUhnVG5abHAva2p1MkNKU3pvdWx2RzNLT1ZtNVdJOFh5SEppUUdNUzlzZitFcTBYZ0s2K2F6SytFbktoOHU5cUV2cldDZnJUVHVRdXRkVVkvY0l1LytINkt1Z2Vqa2xQTXdHS1BqYXltREkrWkRSdDV3eVh6bW84SDVsMGl0SUZYcC9SWVM5blVxSWVySFBnZHdnVVYxRWVxbEd2dmxBaWEzVXlMUXdCemRFZlRSYi9LZTN6UjRpaFVCb1c2dktiMEpDOWliekdUT0xaUFNSU1dDRkJrSWl0V3lQQUk5OThqUDdqaUs5TGdkUGs5NmZaTkZQYk9uei85UjhucmZrSGt3OU9VMzkrYXZ6ZkMrSFYxVUszVHp0WEpJSGZSL0hvNmovb0hLU0M0M2tEb1pGL3d6MFBJMEwvSEk0b0tLZlN1ZUtrMnNoUFpmRXJEQ2ZtNkE4cjlyYjQ1ME5HTmlaYWx5cVNPYUtzTFVrNEI1U21MbXIvb0NKWEducnp1TzdzUVd5OU13TGRUcDR5dDRPSFJhVXo4WURVaXZxWDYvSE83Tk1FZGlCZWJkSEt0SlRMYXJzNXNzOGhOUU9lSmRJcWJncG1yYk80YXdvd3hBeE9Qd282ZDZUZFdWZjlyYmUvaGpMd2MyTklVQ0VXTWt1TzN0bDVjV0lCbzVCRyt4cHdzYjkxY053Z0pCeUIremQza2ZjeGl1b2tRVkNWcDBJVjQrVk13c2JSczFUV2IrWGdlMlNOZFI4RWxIRjRndk42bmNWd0ZBb0NMbldZNTVneDdDdktzbGdvK0Y5RmFoL1VDODJWTmFqSFhQMk9EbVF5T01nendBbDJEQXRIRFd4UlFndTVkby9lektlREx3TTgwUWhtUmw5WUxFL1pKK1lqaklNWWIrUmdPYTJ0QUdnamxwS2NFalA1VUQzK1FRUnlUSHoyc2lXbmhZSHdPRWEyUHJ2NjhRemNOUUJTWHVkTlRoY3JoZHdNd3BuV2R2QzBzNzRWYTdNaGhzRWFpa0Z0RFFQSDZZdGUvNHVaUkFUMFQxenNQTW5nS0lBUFl3T2ZTMEpKd0R2NGp1OHlEYTVHTG5mMWlDZVo5Z3pVOWU3dzQ0Mlc5V2trbEd3bG5TQXZaU2x1YVl6ekI4RlJXTW1samtnQXRXVmFZbU1aRVNtSm1YY1FUOFRoMWdQRXVrMlpnPT0iLCJDcmVhdGVkQXQiOiIyMDIyLTEyLTA4VDE3OjM4OjU4LjM2ODMyOSswNDowMCJ9","signature":"wWvyIuQW6oNLDAQri/VvxbWzXmC9vXHAi/6o3FDgdU6yrRWCKe8rvamsfF9+Tl8ZptDSK/fJs2QuxP6pb31pDg==","sender":"bl0ck3man","recipient":"george"}
1670506961434;0;40;;{"id":"","dkg_round_id":"747cb6ae0812c98205dd2869aa42dc6aa1b051d6b1296fb6b33716eafee1ac37","offset":0,"event":"event_dkg_deal_confirm_received","data":"eyJQYXJ0aWNpcGFudElkIjoxLCJEZWFsIjoiaTBud29RTmpDUzdoY2JYajVHOVozMVNTenV6ekZQK1E0NnptRDZHY3ZQM2p3SmFNYTdIWXo5dzdURXR0bERLT2FKaDlPOEJ0enhYUU1Hb21wNE0zTDVRdlRaNlNnbHJYUTRqdlhxV09jbWJpYnlSMEt4eHFpeHlBcy9saGV0K3pHK0ZyVUxYRS82YVJXNk9ERVpYaEE1bVV6NFFzUXVUQStZZG00dERzeFBZVWZpMDg5RlNtd25ieG5JWmZSVzMxSmNuREx5a3BRSmRuN2JuNi9mUzJJaWxrZHNESDR0T1BQeXNGQnl2SU9xWVR4SkRiUGIxVG9vZWt5UDVIZVpCNERzRFB4OHJLOFU0Z1lBM2crM1ptZWJrM08vNXBHNVpPMVkyaUttRjVFYmtDQmhhZHBpRG41K0MvUTByY2pHWGl1YXAwbzc3cnlpaXpKSW5STXo1T0Z2cVRhWWFHdEt1U0dxOTB5OVMxUGtBTTRMb1NDSUYzWDh6R1JSaGQrUHdxYUE4T00ra0JPeWx2NVB2YVJSNGRrODRRMktidGpDN1R3Q0tLTzErRW1xTFE1RjgveTgyS2xGU2hEd3ZUaTFZWXI1UC9XNk9PU3NoOGd3WEFwM1VIOTBDYzZEK0ZQTUcwS2grQnhPci9BVndBOWR3NEE5SGJGU0xVMHhIYXFJQlBHSHBJYW56QUE4elhsbTJFckxXQ0E1Y1BSeERQS0FBaFdWRi92UXpHcGZkemE4ZmN5cEVYTk8zZUd6VUp4SElMRVljem5VejNZT3VuOHhPbi9XMDdGUjRILzNjc0Z6VkhZa1FKdkxNSEpXaFRjdnk1M1JTVCtyT09sVWRpTnM1WVdwZzZNMHVEdXhseWp1M2tNMjFjZmhYeTZ1SzFRM2p2TEY4UGVSQ2d6ejdIREpYUnhmTlVuaTZ0cEU0bmJKWjNkRHB0aUlQV0kvZ3Vxcm1NMUpLZUF5UTFXNk93bm1CeDZrU3NyRm1aYkx6cFVJYk12MHBFazJMMnUvTWVsOXlySVRIdThjWVIrdno2aVVGcGtzMHM4VGRtMEVsalV3VjluTUN4TzhaNGNWWnZVMnNlNWtzME9BL1RaakxYbmJ0Uk9YWEJML1VWdmRhT3VnbU1rSWMrcVV5ZVlNcGsrWHBoZUE0RjhmK3JlZE5jM3psSndMQzdKVXdJdXE3bnlTL0wxWGpyb1FZVjZzVWF1N1RtUUEycUV2ejZ1cWJKY2hBVkpYaVhHMHhWdkdDWVNseUlPZWlhcVA0WkRqaXVoeVBLVXpwZ1lWcnU0NVR0d3dVUXUzY2Q1WDZDalMzM1J6V1ZDK2Z2V1J0Tm93Rkc2V1hNWDVhRHlxUCtRZEtETENkMzZCQ2lqNzFTNkVUejUySkhPbWRiRTVZT3NSVmQxaHdxbzlrQmhaVDlCUXdmT2hNKzRmcHUwcE1RUnJjd0Qya1czR0FYVUh1a2xoYml5NlVEMUx5WWZnPT0iLCJDcmVhdGVkQXQiOiIyMDIyLTEyLTA4VDE3OjM4OjU4LjM2ODMyOSswNDowMCJ9","signature":"2rN5IjVKm8wkHdNtR/TpDKCvwC0v+H7LbuLU4LZ2/UXaq14reeDyGWluUxC4qvjak3JrT7qbdQUtVz+qVP3tAQ==","sender":"bl0ck3man","recipient":"Eugene"}
1670506961434;0;41;;{"id":"","dkg_round_id":"747cb6ae0812c98205dd2869aa42dc6aa1b051d6b1296fb6b33716eafee1ac37","offset":0,"event":"event_dkg_deal_confirm_received","data":"eyJQYXJ0aWNpcGFudElkIjoxLCJEZWFsIjoicEhpUnptTVc1dVViMlNKb0pFUWJnRDBJQW40T1N1VHFlK2RuR3FUeVl1R2VNQjlJZ0Vya2pPM1hXeVBQSGxZcUNSY3RYMDZKQ2xySzFNbkxRSDZjQWpSaGlHdnJMdkM0RW8xZzZuaGc5MVc4MXA4UTY0K0FmS3VFSDc5SEVSNlBkbFp4R3I2MkVOQml1V0s4Zy93dlk3MDlFNm5ZY1RqYTVwcHhBQ1pkYjNaRlp4dEsvcXJwOTg1S1ZzTFJJcThNTURtNy9zT0g1MmRvOHBFaTIweExNRk1OR2lNL0orandoalVBVmV4Ti93RkVPTjY2ZitTSFNXTnIwZWpOQjdscHlYZjBSMzZ2YXNadmcxUGJHdXhnbjNybHJRZHhsMS9Bb1pHaFh1NTFJaDdHbWpya1JXUEw3Ui8wNGNhWTdnNkZ4cXc0c2lINC9uTm1zejF4RDBFNFJCNHVCTnlRZnFnSnc1Q3EvY2hSeE5HUUo2OXJiUlovcnF1VGFzbDFta0VYbWd1ZHF4eDIzV000WklyaWV2ZFpIRFZNb2N4VFpkQmdSMGZCZEFscnhYeFgxcnlLd1NJQ0prVEZta0FRTWNmdzRzeWx2ZXQ4LzFuSmpIb1BiNU41cUJrWnIyOUE5aG5NMzV1Y21ycldYZXlpL1FZeUpZdFBpMENrb1gwbDAzMXdqWmR3MkRTbDRSSlBaZkpCMTh3djZ4K3BaUlNYcVVNaFlZQ05iQzdiNSsrdVJrdklVR2ZFNGoxajhTdVR3Ry90NTY1VTVLT2NFUkRRZlAyVXEzUDY0bkRDbjBVMW1HNjVZV2dEcitMRjNKUTVPOHUzMFdTWWhVWDMxRS9jTXpNcm90QjRkb2dvSXcrSkd1K1dXMS9oU1Y5a09WOEhOOXlibzF6S0E5cS9wZ09PVjQvaGVOdlZmNjUyak1iRnJ3cm1WdWZ3Yk5Hc1NiL2RkYmc5Uk5hVFdGUkpobnRpcWptNEpTSVF2OFUzQW4wSHQvMjhhSDB6YXdtSGhLUGJXeHVHaHpyeUs1Vms2WkR4T0NxU25BcFNXYzJ4RDR6M3NPdWJWN1RHOXFFOFhBMDc3cGJLUlV6Um96OFhpclk0ZkFOd0pyTCtpNUdZSi9SQkc0bHpSRFpYaUtmVXh4WStMOFlZc0ZBVWhtaXdpTldhbHU4eG9KNnRQMWdGMUw1alYwRk54dUxENG1zWG1zQmJuWXUvWXExUzd4YThEaG5rb1o5M0lYdXROOElhL0dWV2RXV1diK2U0NUU1bkw4bWl1UFdKUzBENHQ2UnNNUlJJQUVuQ1dQOXlyN3VyRG5QSUJSVWs5TTBSYjVTd2hSNHEvbnpDQlRDUTBaZWhIT1VSREVFS2EwOUtGMFBQa2NSYk5ZdHJ2eWp3azRVOEdyNDZKUjhsLzZwc2N2UGg4QmxHT2ViUXlIOS8vK1hkMW1SQllLWDA2Mk9IazlhNEV3dHZVaGFRUHd5eDlRPT0iLCJDcmVhdGVkQXQiOiIyMDIyLTEyLTA4VDE3OjM4OjU4LjM2ODMyOSswNDowMCJ9","signature":"+XA2VyuqMZTakJJv+taxZr4H8lu6+5O+1cv1X+G5V8/HDHpOmKfGOxWy2LUW0nBk1u4YG11P3hUhaijEUfvRDg==","sender":"bl0ck3man","recipient":"Vlad"}
1670506961434;0;42;;{"id":"","dkg_round_id":"747cb6ae0812c98205dd2869aa42dc6aa1b051d6b1296fb6b33716eafee1ac37","offset":0,"event":"event_dkg_deal_confirm_received","data":"eyJQYXJ0aWNpcGFudElkIjoxLCJEZWFsIjoiYzJWc1ppMWpiMjVtYVhKdCIsIkNyZWF0ZWRBdCI6IjIwMjItMTItMDhUMTc6Mzg6NTguMzY4MzI5KzA0OjAwIn0=","signature":"h/rkhc1sycw3ceooHA4kFiFH6pa1jaYSUeiSBMgBLTSJrUsyFIs7+ABRe02F3KPGAY0ggZrIILJNfDg0YElVAQ==","sender":"bl0ck3man","recipient":"bl0ck3man"}
1670506975045;0;43;;{"id":"","dkg_round_id":"747cb6ae0812c98205dd2869aa42dc6aa1b051d6b1296fb6b33716eafee1ac37","offset":0,"event":"event_dkg_deal_confirm_received","data":"eyJQYXJ0aWNpcGFudElkIjoyLCJEZWFsIjoicUsydEd5ZUpjVm8waW8xSDlobk1jc3ZVYyt3Y2tyV24rS1NQdVh0dkxqQW54eHB4SjlFenBGc3h6a2pQaHZQdjh2QXU0VjF4NDNhK3Y5WlFVUlBTdEFnSzlnTlUrcktwNGhsSzlqVTRTYmdTaU9mOTMyM0EzOGw5NXpTUUJjM0xwdFdLbENNcnlzSm4ySTBXT05maUpDWEpTa2lIbVNNdjllZTRsTGpOU3hUVnR0bnZxYjBpQmFYU0IvVG5FMnZDMjBCUkg2VjJudGlhMG5FbTNmRVVXMmdIMGdsTmVMd2xteFhQUnVsb3N1TFBpZGtqWUlaMUlIYUhaYVVWYUtrSEtlNUFTM3doUkVQdU9vdGJTM3I0OENaRi94VlM5bEozT3J3ZE4wY3lGdllld1N6YkVITHVQUXFEamh3Tk5lTkV4Q2FTemhpVGJtcnNOOUFKZFJPS2FIN3A5cGdTTlVsNGlDMlI2V3U5YzB4MEhuNURjRCtZZ05XMW5HaE5JQnJCOUJndzZKUmcxcFpRNkM5ZXNrdzhZT0JpOStNRTQ4aUYwSG95VklmTkJDU0t1TWpYcmY2bDdFWmxPRU42cDFwYmI4RXpTc01GUlJiNnNkRDN4RDZWa2ZtZ0NBRmFaQXhiR0NnN0UrSTdlNnE5a2VEYWZRczlhY2tXS2tLWTg2T05kbDhHM3h6QW1OZTduUVBrbkZBZ1UvM08zdjB0MmoxWmZteTl6NnRyZGs3cExsVDdheWcyU29oRDdTR1JwSWNreXFBakR1NUh4Y3NrSjhmMmJIalRnQUgvblN4UWxNd1NVVmlLOWNqNHhCaG9FeHJUbmVmNlhDNnNPaWJiMFJ5dGhmWjlVcmNyQUVockxjWTVnUm45eEtMaWVrbWx4a0RiQXhGY0RlTWJBT08xZkhTVTRoY0ZNclR1THN2MEJ4Y3diUnJFUlE1YVNrbFlzZDhhME9JckpYRnFXYzkvUTJmMVg4amwzbE14RitoNlBNL1lqYXVHWmV0YnhZL2VzUDZ3RTMxUXhqOHh4Q1JJRGYvZWF4dlVTa3JwajJJMU1uZHIyVXlvNFNhbmtnaU9jbkdhVGtwOVJjV3dhRzFNUUxIWTV1RWkxMXZER0IxUHNydVZQbkZCdkpjYnZGUDFEc1BmblA1TFRqREwzY1k4eHZ5WkgrNExRVkFkM2hPb0lXZXNTK3dQU3VtSUpuVUQvT2pyczh0WFpDYXhCUmRjNnh4S2dsVnVYOFl3ejg1YllwWENnZmpvZk5JSWJaQ3hmYkxtamk1WmpndVAvUzJxTjBmd012eWtyVUlWbTFhQy9xV0FGWHg2SGJxOGprMWN4TFFHdWhyeit3R00zSnJQYnpYZjhXSExqRlZoeG0vZnQzTE50d3FHd2VKMzFaTk9qRlBLQTltKzQ4clZHczYxS1ZLbjBBNHNscTMyQmNsQzdudm5SMHBKNjJhTzF5YkR0eFc1MUJrUjJRPT0iLCJDcmVhdGVkQXQiOiIyMDIyLTEyLTA4VDE2OjM5OjAyLjk5NTkyMSswMzowMCJ9","signature":"c64q9dRLeBQx3DVHueK6un/Fmdd+D5NFM/g6FxBh0DG03Q525EUwB1LWwHeOZGHycC8VvuNiW7rXfLxVI3gaDA==","sender":"Zuzu","recipient":"kadmil"}
1670506975045;0;44;;{"id":"","dkg_round_id":"747cb6ae0812c98205dd2869aa42dc6aa1b051d6b1296fb6b33716eafee1ac37","offset":0,"event":"event_dkg_deal_confirm_received","data":"eyJQYXJ0aWNpcGFudElkIjoyLCJEZWFsIjoib2V3YUV6ODhva3QyZjlrclUwbWsxc0JnRnVXVHZmSXoybUFiVWhhaFZPem9xWmlYcGZhZXJJSW1MNmJ1MlFGR0J3RCtGNmtJT2IybUhKcndEWk1qc09OVDBkQ2dYN3NadEREZWlOemM3Y2FTWVF4V1o4U2Y5RGVpcGhQQUFETi83K0lITmYwVy9DSnloYzlGYXpNUElMUHIzc0FMdXhXWVd4YStHbmc5TXEzc2puV2Q4Z1NGY0JDRFlyMEJVK1kzQTI5dk5iQ21pYWpiRU52ZW9LVitHdHZ4OFNWN0h6NWlQU3ZLMnFwL1lXdlJPb2JSbGRXaUlENUYvaDNHYmFiWUt3TmVrM0RxVzdvckpCMXZYWkg4VTlvb2crUkpjRGNKc1JFc0w1N29wbTVJTitqclRDOTdPY2tjRmVMek9iSmxySEk0azlNQUxMZDFCOVV5WmRwb0RBSlZaZXhxQzJYS1l1eEFML2NrU3FRc2hpWk01QWVNTS82OGpDNmJkLzlVb1NFSkNwenM1N1ZreTQxT2JJUnpDc3JjT01nUGFZaW4ybjZSeXZweFZNcTdoUkJKUStUNGFnQ0lLaWJYV0pUOEdiditDbWtTcldEQmpReEZRbDJ2eDN2eDBEcjNtcVZqbnNEODhvdnhnSUNQN0FVaVJHOTQyWGNaaE5FNWZMaGNwVVJJSzNvUENZSDVrcU1CUFd1UW8xK3lqV2Z3UXRDd0VISGpaY3NWSVFaQ2xYcHlTQXJZSkxTdHZISEdlYW5hTTJpMFpTU2R1Mm1hNVRhUFZ3S2ordmRUcjZlb24rUWwvcmZhUFVJNGQ3MHRTeXBLZjhaZnZBbllsVW9RZm1nUEhXSGxhVnYzdm5od0lqNlFVNjltWXA2bXdmRVhDV3czQXdEWHp5a0QxVlRPMjBFL2tpaS93eVNFalkrNHBQQTM3RnhRZzhCd0Z2eXRqZ0FUby94eDVoWU8vYXBpSnMvWjYxQy9BSi90VlFibWgzeElKTjNrNkUxVHlucFZGU1RPTXI4eTJSYVFoWEpyNitOMmZENGJERkt6K1IwMTFPck5WRXJkeUczeUU5VnRYMWEzYThOMUJNMkFJV1Z6Q0pGVXRTQWJwOUJEM1N2b1V0bmFkTFJMd1ZUdkxaeDlXQTUrd0swTVN2cVA3OHFTMzFFVmtJaTRPajVHckxvbklyWTFhQWZkVzA3UUNlMzdxQ3E3QjRuY1FCTjQ1RytOaDNrZHZMZHk2cmtwT041MTNGdXJNODgxYTIyVzlralFINnJra2tLdzdXQ05qdTdsTlRYdVVvVnFhZVJ6b0JrTGtSY2xQRU5hejZkcVIwKzdpc0QyWGhZbkxjcytIMDU4NG0rOWRWSllVSXQ0QkgyK1FRUUZmWGsvY2p5TXVYUW1xZDJ6c2ZGSG4xVjR0UDhJNzBZcHNzME15Q2ozY3I3c05PTERRK0NvbFgwQTVFNzFndVZhM3VzN29nPT0iLCJDcmVhdGVkQXQiOiIyMDIyLTEyLTA4VDE2OjM5OjAyLjk5NTkyMSswMzowMCJ9","signature":"PFLl15Tqq8ECvQUXrdPkKPWMyF3mkt6Wc9ht2vi+swGIpF4pKFyCIcnlfVUV1gx+N0Zpx+lF8SushWBfuuCMBA==","sender":"Zuzu","recipient":"bl0ck3man"}
1670506975045;0;45;;{"id":"","dkg_round_id":"747cb6ae0812c98205dd2869aa42dc6aa1b051d6b1296fb6b33716eafee1ac37","offset":0,"event":"event_dkg_deal_confirm_received","data":"eyJQYXJ0aWNpcGFudElkIjoyLCJEZWFsIjoicVlScUorYTF2eW04QWJvVjNnendsSVZWTlJBVVpaSGpJdUVHM1ZEYUZSY2VjTy9xL1oyU1hCRUwxZCt3M1dJSnBmWFEzbEFreEZvSlNaMngyanNETC9SMjBJSEx5cGR3OXc5Y1ZuMWh5c1diWnc2a2JLK1Bkb3VNcmI5RVAvSnVFdGJNUXZRKzY5WkhvVTFPTEt1ZTkzaGFFVmdnbGg1RmtsdlhKRStkTVlJbFA1WURKRHFZRFlFdXVVNWIrZXpNWnBIdnFKNTZQN0E0TVVlOGhIWjU1U0FhZnRIaHhjYXdlMUorZW1uZTNzVXlZWC9Cd1BhdjBzZjBMRFF0Q1RaUTh5MVZ0RE5zL1NyZjZkUUI4c1hodzRSaG1yU0czdWhDU09jT1lPSWxheHN3aGo0MzBzZjgrZ1lwZzdzK0NEQkJ0RG8zc0ZVMjV5VnJ3RkIwOWlFRVVRczRmbkZIQzNibVNoekZrdmxLVWRVNFZacmEvV1BlcHk2TWV4YWV0MUNQa3JWL0YzbDJwU202VDFaRFZJN1FjMHhmRysyNzR4NVEwRm5OYzRlcHNRWlBiek5rSnI1WmpXT01NMVJqV1JhR3o5NitFdDAyT2NiajAvUWdoVTlIWCtQUU1aVCtJb1htQitnRkpNVExTVGptNHdJS0NjcW4yaEhWZDdTZmxPaDBGbkRBYkFoa2RvN0FxcldqWk1LcXFGc0I0YXN3WWJoZ09HdWUxZkVMdHNQaHpHVWRWaWZVU1FVVURFY3Nlb29kUEtWNU5YU1JKMkwxa0x6cDNzQkczYWVhSjVENlNOcmR1cEtIK3ZVbXJZYmEwVDg0ZHh3K3VEK2VBWXRuNTNNK3ZlTXpmZWlVa0V2MjVQVW9ObENzMExySjNQWTdVZFNkelhSRlRyb204LzhyM1V0SUpuSlRVSzlwTVQ2azJCc3NTTWdpN2NIeUQ5Q1R3UEkzSWxMWmpBWFY0Y2NqK1M4R090YjJ2N3hnMGk3REdIM2tka2oxdmxwZkltQUZEU24yNW1QT29vODBranRKSThMMk9tM2prdjBaUE9GZURrOGxSQ1laa1BScHdISXNPZ1NvZEM1bG04MjBSOFJpRUJvWGZIRHV3bGM0L3lzZVZwQjhOQUk4SGZ5YW5RaS9IMktZNmpQcDZZNHZSZGNoRWJhVmJYY1lKZjF2b2FRempjRGNQMFQ0L1ZGdi9KczdMM3dRR2Q3WUxyVmZRaVdGYWdjRS8weEJNcHV1bnBvcWFDdTNkVWZrVEFGeDVzWGE1SjFUaGVuYWhsb2xhQXM1WFh5RmxRQk02SXF2NkQ2L05uVHVjRlh5M0dFaXVJLzJpTGhKdDh6WGFoZVZSTmRCZ21OMG9xTk5aTnRKV0Rad3gvaW1oVVdPZ0FqWFJROW9PRi9TczF4Z3IwSVNGMFcvaDRiWElwNHplRkV0RlJucURiK1BUVFg2b3ZqVkYvemorVU9JbHh3M3ZRPT0iLCJDcmVhdGVkQXQiOiIyMDIyLTEyLTA4VDE2OjM5OjAyLjk5NTkyMSswMzowMCJ9","signature":"euMHMtmkTc/PU5rH+Y0sflZs0m03vY1mdHJpPo+cLkkmZS2j2hM/trjuaAYR/C+DeU6dzJ+YdXFt2JihTQwDBg==","sender":"Zuzu","recipient":"george"}
1670506975045;0;46;;{"id":"","dkg_round_id":"747cb6ae0812c98205dd2869aa42dc6aa1b051d6b1296fb6b33716eafee1ac37","offset":0,"event":"event_dkg_deal_confirm_received","data":"eyJQYXJ0aWNpcGFudElkIjoyLCJEZWFsIjoidFRzcTZrbTJtYk5DeEk0aGZMN2lWN1lqRWxOeUVVazZrbWhVdi9OazNJSzlkMFdNdFk0Mys1TnYzREY2ZFIzN3VMcGZwVTV1dXd0WWZpV0dmTzJyb3ZEazlGaGFhaVMwVVorRVdxRFBxalNPdW94ZFRxVk10UGJrZm8xL3pjRnRmQ2N6eUQ5UVNMZWpNQXIzaElXYTF4UUpJbWI5NVF6a2dPaEhQcUFJNmxMRFRaK2FaNkNCREs1OFNVYTkwWUtmWlRYbkNQb2NUSDRZUkRoUk4wUlh5VlBGaTJyTEhBSENSaDNlK3pGZThoMzFqeWxJYlhiM0w0YjlKRzg2SUR6TkdZQlVUTEVzRE9tYS9RemhINEtPTFp2dStQckZrQzJHVHdERzZkeXgyZ3VvMjNYeUZPeXM0ellSWllCa20xb1dlVFBKNEhxeW5SUHNlVkhFRE5XL0F6aFBjUUFSSDRYdERLMVJibDc3cFN2cklQZkl2cFhIZk8ydXExSC85L21WV2RRcEg2ZElhM2xHc20rUGw0QkxRUWs2NCtzYVovR0NiaDNnSW44ZzZYeEx0c3lPcFNLd0wxSCtWbTFLeXUrR0pVYTlEbzczaHB5ZFFIbm1UU3oxK29JMjVzL2pNbVhUdXBiTmh3Z1hCTHFrdjNMZGJwL3JEdkY1OHpudTU5Z01YUU91Vjk5OHlZeTNZTFRicTZSckhjNFpKQTFkTFVRam10UWY2aWIxUlJtWUdZTlF5UWVkQTU0cFMzdHNJeVVmODlYeHl4TjNvbWJYcFNaY0dlYzFUYjRVN1RmL2d6RlNWTXlSbGxyYTIxd24yb3QzTUI4bnhWY0hlZk5xQnFPSmVVYVAyRjE3Z2EvNGQ3aWhNYUhid0tRcnhxWi9oa1VLZy8veVd4dk9yZnJITThrL1ZrTlgram5XMlgra3cxM1BYb1dJUGREeUxzMGJWbloxWVJSTG5UNUdTY2dOVi8vNVlyY1E3Z010clJLbEFjQUJsaG9NQm1xRkxpbGhaaEZXdXdJRjhLSU1xTlJUREJkcGhhZm8yVnFteEhqek82Sk9RNkxKc3o3SDgwYk9McitYVURZQURZWVpQMlZHYVV0OHZ2YVo2aUR1QVBNRDVHd0F3WGl6OGljOTJ3NUlaL3VONkROMTBaaHl2czFxbnREMGl5eXlYMTNXK3hQMGFFMXhudkVOZDVHM1MyNHYvaTFyS3c1MVRpK2M1c3lhWXBpaFpkdDRMQkZzUFpSdWtnekJPLzdkWFZ2TUZLUlRLOC94d2xEUWRQSmo5MXZSeUhBMGlyeHA2OVBXbWpWM240WHF1cUtCUWJRK3pJcHlod3JEM0JGS1MwNW5oRFZnSEs0MEwxdkNKSVN5RnUwdlEvMUpuMEdnZ0g2MGFPWXVwWHBDRHJ3K29XQU43Tm44YitOdGs4Q0NJd2p5bzFLbHB2L0FsSEJDcmg2R2FyNkt0b2w3blluL1h3PT0iLCJDcmVhdGVkQXQiOiIyMDIyLTEyLTA4VDE2OjM5OjAyLjk5NTkyMSswMzowMCJ9","signature":"5oHxzDE8kBLQa1fk3CH28mIvwg79f7J/nEsrA+iJZGuTVTrgAZnJZxnHXF27EceWOsooNNvlfTJaKNNSNp5GAQ==","sender":"Zuzu","recipient":"Eugene"}
1670506975045;0;47;;{"id":"","dkg_round_id":"747cb6ae0812c98205dd2869aa42dc6aa1b051d6b1296fb6b33716eafee1ac37","offset":0,"event":"event_dkg_deal_confirm_received","data":"eyJQYXJ0aWNpcGFudElkIjoyLCJEZWFsIjoiam03RUhCbWs5Mm9qYldFbzVEWGRMRmE0QjN4VmVVS0FJWFlyYU16MjE5SUN0Q3FZK0F1TDJFN2ZvVzBtRm4yQnBzYW5Bam9rZWx6bGg5WmxpOVpNMTBOVGI5RDRSNmxOMUtNdU5sMHVLa1laV3pFT2M2MkdTZ21mZ3kxcmFWQTFSY2I2YzdkRW9WWTBPMHpVSTVMZW5ERE1ubDRwMjB4V0NMYVAySXpVdFN1NXlOQVpuT2pzanBacEZSQjBhSVVlN2hiL3RZUFRDbzV4bWZWMVdKUHVNRExlMWtUM1N6T245WkRmbElJMi9kZXhkNGNHUlhrN1NNSklhSDZwazcxdlpjdjl3eHE0Mk5wT0FMMVdPNVNMV2ljaHc1MlhkNnZHUmYrajJwQjBsLzhlbkNLQjZYeGpiekd6enNWMTB3NytvQzdURVljQUt3SFpiSmFEckVuMUFJNkp6Q3RCcUtMZWNGZGdFNzZOMStDWmFJL2NtdUZlL2tLektDZkZIZldzTXZWRzI1R3A0YkF0K1BnQkhQZU9FVjlPU1I1Mi9xZXBuTVR6STRIOGx0cUhyaHRmMi95YlRqZk4zK3llbzcxYmJXSTZ0eExoRXUxaXBDeGZ1bG92WlFyYURncEVhSkU3WE1rTU1LMm5iT2ovSThJQkFYRFJndFZMWnlFN2lxcFNpaGVSdmhFRXV4cFNOMC9oKzhvUDBxM0lLb01jc0JFOGZjZHQvNGtadmFwNzM3ZVhzWktkOEJGSjR2M2JPUmtqNXBlc2k0RkRlM2tnNkNhK1JST29rdmpWYlZ0Z1d2KzhMbHdaaExpS0g1Nmh2TFpLZVRyQjVYOVh1N0YvMGlnNGJrbkhqTXI2NXRlUUxFd2dlNnpDTi9rdHN6MEQ5S2h3UFRRNXViRmxnVVBxT0ltc1hoaXlGb0JGQnU2ZzF3c2xTcWE1OUpBVWNMSFdmbkVMTnVWR2o4allXSk1KbkdzbVFzSHNKK2dlWGZoOUZLSSs5cmtLZEhFaS9mNU5vVS94T2d1eU5XRFdVNE5qRm45ajhyQXV4SStjaVFUZzdWajJmNXZWNVBoRDg5WG5GeE1TQWRmbWRkTll1M1Z5UU9aYVl3clRWc2M3aHdLWlhEYlFxeTRXSzBxRWFQOVpDbWNPcnRzN3JhNGE1dUpuWHluMkxIWHUwWUVuVFlGWTNVM0JobTNIZjZIV0FoNWJwMlVLOFV3YzdlMzdNTE9ja1IvQkZrVlJTSEptRzBuTVZ1K1F5UTNsNlBoNFM3T0xJeHhlaGFjZG5qVzNsVE1kT3hrVFVyVnZ6ZVI3WU5XY2daL3lFdlpjVHNkTWZCcjl6Y2FDWTJHVDJqWXRidy9LL21pWHEzT0ZyNVp1RjE1OFVLeGc0bHZOMkdveXlILy9qMW1mVGNDaWxVQVQxUE9NS1VkM0Z5WXkwYW4xSnhodFNMODdyZDZZbi9BQk5NQ0pJaDVicGpPM25RPT0iLCJDcmVhdGVkQXQiOiIyMDIyLTEyLTA4VDE2OjM5OjAyLjk5NTkyMSswMzowMCJ9","signature":"/KR+la+/3wQU6LoeKULCEWN/tlcsMF4/wLUekqWn0DwcCfGPY/whc1IK83WkP+4w2JjSv4cxtBOcE6VrlJ6eCA==","sender":"Zuzu","recipient":"Vlad"}
1670506975045;0;48;;{"id":"","dkg_round_id":"747cb6ae0812c98205dd2869aa42dc6aa1b051d6b1296fb6b33716eafee1ac37","offset":0,"event":"event_dkg_deal_confirm_received","data":"eyJQYXJ0aWNpcGFudElkIjoyLCJEZWFsIjoiYzJWc1ppMWpiMjVtYVhKdCIsIkNyZWF0ZWRBdCI6IjIwMjItMTItMDhUMTY6Mzk6MDIuOTk1OTIxKzAzOjAwIn0=","signature":"ngXEVoTkeSLaXr2ptmO10w2pX7UxHFfna+trg/rdpIUv3tIHqklY5tOXmklRnzuGVO7unff9Dr+hAICafD66DQ==","sender":"Zuzu","recipient":"Zuzu"}
1670507201035;0;49;;{"id":"","dkg_round_id":"747cb6ae0812c98205dd2869aa42dc6aa1b051d6b1296fb6b33716eafee1ac37","offset":0,"event":"event_dkg_response_confirm_received","data":"eyJQYXJ0aWNpcGFudElkIjo1LCJSZXNwb25zZSI6Ilczc2lTVzVrWlhnaU9qQXNJbEpsYzNCdmJuTmxJanA3SWxObGMzTnBiMjVKUkNJNkluRTRkRkJqTjIxNk9IcFViMDlCVVhSRU5FNVFRVVY1UkdOMlYwNU5WRWRrYldWVldEZE9XRmR3TlZVOUlpd2lTVzVrWlhnaU9qVXNJbE4wWVhSMWN5STZkSEoxWlN3aVUybG5ibUYwZFhKbElqb2ljVnBETm5ONksxbFFTMVp6Y25WV04zSjBSakZEVkV3elZHbEhkakJDTUdGak5WcFJVbVpyV1dWbmIySXZabWxPVlhadk9FeHROMDlvVFZGeVkxZDBSME5oY21oNWVrRnhkWEYxU2xaQ2NsVkJVVmRrUlU1VmRqYzJVelYzUkVaNFVrbHBTbkpNVEZsdFJVazlJbjE5TEhzaVNXNWtaWGdpT2pFc0lsSmxjM0J2Ym5ObElqcDdJbE5sYzNOcGIyNUpSQ0k2SW1VMlVGRlRkREUyYkhkVVVYWmpZVGxNV2tsalRGWlJPRkExVUdNM1UxcHViQ3RvY25kSVlWcFVZV005SWl3aVNXNWtaWGdpT2pVc0lsTjBZWFIxY3lJNmRISjFaU3dpVTJsbmJtRjBkWEpsSWpvaVozaHVjakZTYWpkMmFEVnpiMWNyTm5wWE1IbDVXa2xKUVhCdFdGcDNTMGhOZVRjM1oyNXdUM2RJYzBvd1oxZGxWVVZJTTFoVlpFUnZlVkpqU1ZGRlRFVlROMDFoZWpObFdWazJSMDFsZG1jMVkyRXlaV3N2VG5SNlNHcFVNVVZKUkZoTWJrRm5MMEpWTmpBOUluMTlMSHNpU1c1a1pYZ2lPaklzSWxKbGMzQnZibk5sSWpwN0lsTmxjM05wYjI1SlJDSTZJalpCWmtOSk5VWnBLM0pZTDBabVVIUlNSRkUwWkd0WVQweE5XakJwVkU5UVIydHFXR0pwZW1wRVpGVTlJaXdpU1c1a1pYZ2lPalVzSWxOMFlYUjFjeUk2ZEhKMVpTd2lVMmxuYm1GMGRYSmxJam9pYzFSc2VtVnBaVVpzWjJadE1YRjVhbFEzZUdveVZVVnBOMmR0YWtKS1ZUQklRazlFTVRaelptTnJXV3QyY0U1cllWUmhUak01YVVFdmRHWXlaMDFQT1ZFMlFXOXRlV0kwT1hWNFRFZHlibkZ1VURFd1prTmxVa2hFYkROMWNsWlVUMlJzYW01VVRsZFlaM005SW4xOUxIc2lTVzVrWlhnaU9qTXNJbEpsYzNCdmJuTmxJanA3SWxObGMzTnBiMjVKUkNJNklraEtRV1JwUzBNMlNuZERRMFJLZHpkRU16aDZWSHBpUlZoV1NHWXZSalJWYWxWSFZXNTNVbFZ0U0hNOUlpd2lTVzVrWlhnaU9qVXNJbE4wWVhSMWN5STZkSEoxWlN3aVUybG5ibUYwZFhKbElqb2ljVEEwVW5SWGJucEJTU3RRYUVVeldGSndjV05YY3psb1FUbEJUemM1VUZNMVQwaG1MMUZpUWtGTE1tbzBMM1JKV0dwWmJHNXlTMGRFUVU4NVIxRkNXVWRaVFc1YWFEWndkbVZFY0Rob1FWWjZSa2MyV20wellrbEZRVUpRYmpOR2VYUlJRVGhSUjJZdlYyTTlJbjE5TEhzaVNXNWtaWGdpT2pRc0lsSmxjM0J2Ym5ObElqcDdJbE5sYzNOcGIyNUpSQ0k2SW5SdGJtRlhjMHAxTXpCQ2RVc3JTa1psTldOclQwVnFOak5VZGxSMWVGaHphVXBpWkdKamVFdFlVbk05SWl3aVNXNWtaWGdpT2pVc0lsTjBZWFIxY3lJNmRISjFaU3dpVTJsbmJtRjBkWEpsSWpvaWFWWnhZVEJPVERKeVRtSlljVGgwY1hka2VIVkNWMUZPTVROSmFrcExja1o2Y1ZaMmVrMXFSM1JxT0dOTFNEVklkMDl2U1UxMlV6QlBNekF2YUZOb1kxUmlZVzVOWm5oeVRFeEZNVzlrYlZKVU5uVllkR1ZpZEV4SFRrcDVWbkkzVEZWV1duZHFZM0ZJTlVVOUluMTlYUT09IiwiQ3JlYXRlZEF0IjoiMjAyMi0xMi0wOFQyMDo0MzowMi43MTg3MzgyMiswNzowMCJ9","signature":"p3keXFUIjqcQkmmOTEsmYNBNPgpYhOQeIeCUrKNuD2QwZhN95jDvNClSTlMFghhMq8rjEXo6kTbtLseWS6dyCA==","sender":"Vlad","recipient":""}
1670507212743;0;50;;{"id":"","dkg_round_id":"747cb6ae0812c98205dd2869aa42dc6aa1b051d6b1296fb6b33716eafee1ac37","offset":0,"event":"event_dkg_response_confirm_received","data":"eyJQYXJ0aWNpcGFudElkIjoxLCJSZXNwb25zZSI6Ilczc2lTVzVrWlhnaU9qSXNJbEpsYzNCdmJuTmxJanA3SWxObGMzTnBiMjVKUkNJNklqWkJaa05KTlVacEszSllMMFptVUhSU1JGRTBaR3RZVDB4TldqQnBWRTlRUjJ0cVdHSnBlbXBFWkZVOUlpd2lTVzVrWlhnaU9qRXNJbE4wWVhSMWN5STZkSEoxWlN3aVUybG5ibUYwZFhKbElqb2lhRVl5Y0cwM01FRm9XSFp2UzJOME5FTTRNblEzVWtSMWVXTmxOVFJTVTNvelJtTldXSHBWSzFGTVUzVkdURVIxTUdkWGRtdDZOVUZPWWxGUlVETmlRVloyYVdkU1oxVXpUMDlvT0ZFMGMwcHVWR1p3YkdoWllqSlZVSEJFVDNGcWR6ZDJMMXBvZVc5bFZEQTlJbjE5TEhzaVNXNWtaWGdpT2pNc0lsSmxjM0J2Ym5ObElqcDdJbE5sYzNOcGIyNUpSQ0k2SWtoS1FXUnBTME0yU25kRFEwUktkemRFTXpoNlZIcGlSVmhXU0dZdlJqUlZhbFZIVlc1M1VsVnRTSE05SWl3aVNXNWtaWGdpT2pFc0lsTjBZWFIxY3lJNmRISjFaU3dpVTJsbmJtRjBkWEpsSWpvaVoyRkJhMlZET1VSNmNYQlhUbEZHUW14bFYwRlBTblZ0UW5sWE5WUTBTWEZ6Y25RNVZXUmFlWGd5WVROTFJFcE5ja1V2TkZCb09FRmFOMmxNVDNSU1EwTldTVVY2YW1oMGEwcEJURGRsTm5oTFRYWlZUVzg1TmtsdlNEaEVWM2xUWmtGWFpIbFdRbFJSTWxrOUluMTlMSHNpU1c1a1pYZ2lPalFzSWxKbGMzQnZibk5sSWpwN0lsTmxjM05wYjI1SlJDSTZJblJ0Ym1GWGMwcDFNekJDZFVzclNrWmxOV05yVDBWcU5qTlVkbFIxZUZoemFVcGlaR0pqZUV0WVVuTTlJaXdpU1c1a1pYZ2lPakVzSWxOMFlYUjFjeUk2ZEhKMVpTd2lVMmxuYm1GMGRYSmxJam9pYVhscksxbHlkRTFWYnl0MVJsRkxOazV0UzFoTlZtTXdURTVVUWlzMVNGUlRSbFJ5VUVONU1YRnljRWxQZFhOT1RrMTBLMGhVWkVzeWVFNDNaVEZXWVZwdVJtMUpTRmw2U3pGMlQxaGFiMHQ0ZGtNeEswWlJabTlpU1hwc2RuaHhTbnBJT1RCUVprUndhMUU5SW4xOUxIc2lTVzVrWlhnaU9qVXNJbEpsYzNCdmJuTmxJanA3SWxObGMzTnBiMjVKUkNJNklqWmFkMlo1ZUVNemVtaHhSMXBPSzJWYVFYRjVOSGxrVVdnNFVsQXlRMUpFYVhoNVRFUm9jVXhrU0hjOUlpd2lTVzVrWlhnaU9qRXNJbE4wWVhSMWN5STZkSEoxWlN3aVUybG5ibUYwZFhKbElqb2lhRlp6SzFkT1ZHOW9aemhFU0hwTVJFbElWalU1Wmt4Wk4zUjZSVGRVZVVsc2VrbExaMWgwUkZSMFRYUnpUek5XTTNVclkxSlllVmRrZEVSQmIwaFVjMUZYVWs1NFZHOTJaV0l2WlRkeFJtZG1VRGRuWldwYVlXZFBWRTR6UVhwdlMyeHRNVkV6YlVSM1RuTTlJbjE5TEhzaVNXNWtaWGdpT2pBc0lsSmxjM0J2Ym5ObElqcDdJbE5sYzNOcGIyNUpSQ0k2SW5FNGRGQmpOMjE2T0hwVWIwOUJVWFJFTkU1UVFVVjVSR04yVjA1TlZFZGtiV1ZWV0RkT1dGZHdOVlU5SWl3aVNXNWtaWGdpT2pFc0lsTjBZWFIxY3lJNmRISjFaU3dpVTJsbmJtRjBkWEpsSWpvaWJWWnNWMWM1UkdsaFJteGFWV2xSWVV4dWJVTTVZVzlOTTNOTk9VMW5RMlJqV0cwMWJ6STNXRW81TDJwRFduQmtkVk0yWlZsWFpsQndSVTlhVUdSSGNscG1PVTFFU25oTUwzUXZaMlU0Ym1kdFdtMUlkRXRSTDNNMFFuRmxOelJLWlZRMkwxb3lWekp4V0UwOUluMTlYUT09IiwiQ3JlYXRlZEF0IjoiMjAyMi0xMi0wOFQxNzo0Mjo1OC40MzE0MjMrMDQ6MDAifQ==","signature":"u7zLguLbYUPCFC6VLv8VDRdI//MmiDFdGZ+/eIa/DIOMpV6j/tHPGtCCcr4uUhzvOHCauvAjcJXGHzliSVbUBw==","sender":"bl0ck3man","recipient":""}
1670507214254;0;51;;{"id":"","dkg_round_id":"747cb6ae0812c98205dd2869aa42dc6aa1b051d6b1296fb6b33716eafee1ac37","offset":0,"event":"event_dkg_response_confirm_received","data":"eyJQYXJ0aWNpcGFudElkIjowLCJSZXNwb25zZSI6Ilczc2lTVzVrWlhnaU9qVXNJbEpsYzNCdmJuTmxJanA3SWxObGMzTnBiMjVKUkNJNklqWmFkMlo1ZUVNemVtaHhSMXBPSzJWYVFYRjVOSGxrVVdnNFVsQXlRMUpFYVhoNVRFUm9jVXhrU0hjOUlpd2lTVzVrWlhnaU9qQXNJbE4wWVhSMWN5STZkSEoxWlN3aVUybG5ibUYwZFhKbElqb2ljbXgwWkdWeGJHWldjbGs1UzJwdWVubFZkVFpvZDJGRE9ITkthbFpSUW5GdFJrb3hNRzVQVkRVdmJqUnBlR05pYUcxSVdXTlNSblZ5VEVJM2EwRTRjRTlsU0VJMldEVkVOSE4yUkZSc2EyTktSWGhYVW5oWU1tNXJXVVJMY1RWelpVYzRVVk5XY21wd1MyODlJbjE5TEhzaVNXNWtaWGdpT2pFc0lsSmxjM0J2Ym5ObElqcDdJbE5sYzNOcGIyNUpSQ0k2SW1VMlVGRlRkREUyYkhkVVVYWmpZVGxNV2tsalRGWlJPRkExVUdNM1UxcHViQ3RvY25kSVlWcFVZV005SWl3aVNXNWtaWGdpT2pBc0lsTjBZWFIxY3lJNmRISjFaU3dpVTJsbmJtRjBkWEpsSWpvaWFqTTNWRUpTZUhOTVVsaEVOVlF2Y0hSRWNHbExTMmRtT1hVdk5IRnZWbHBpWkVoeWFuZGFlbWRJY0RoVGVIWnhOa0ZzWWxnMlNVdElhalJ3VUdoNWQxZzJVV293TVVJNVdTOU1iMVJzWW5Sc1NESm5NRkJzZEhaSlRtMTFRVVZ4T0ZCbVMzSjBNMDUwVFdjOUluMTlMSHNpU1c1a1pYZ2lPaklzSWxKbGMzQnZibk5sSWpwN0lsTmxjM05wYjI1SlJDSTZJalpCWmtOSk5VWnBLM0pZTDBabVVIUlNSRkUwWkd0WVQweE5XakJwVkU5UVIydHFXR0pwZW1wRVpGVTlJaXdpU1c1a1pYZ2lPakFzSWxOMFlYUjFjeUk2ZEhKMVpTd2lVMmxuYm1GMGRYSmxJam9pY0RVNEszZGlLemxzUmpSc1JWRmxWV3BJVUdwRWFqRXlSMEZUWVhwaldtOTZUSGRVYVV4NFV6TndURFF3UVdKVFV5dG1kSEZZVjBWSVZrRmlZMGR2YVVnd1NVWTBZM1k1WlhOWFNFWXdaMVZDVGtWQ1dqUlRWRFZSYzFOd1FWRlRjV1ZhZWl0RlVGZ3dkVUU5SW4xOUxIc2lTVzVrWlhnaU9qTXNJbEpsYzNCdmJuTmxJanA3SWxObGMzTnBiMjVKUkNJNklraEtRV1JwUzBNMlNuZERRMFJLZHpkRU16aDZWSHBpUlZoV1NHWXZSalJWYWxWSFZXNTNVbFZ0U0hNOUlpd2lTVzVrWlhnaU9qQXNJbE4wWVhSMWN5STZkSEoxWlN3aVUybG5ibUYwZFhKbElqb2liR0ZsSzNjdmRFMXVkVkEzTjBSUk5UUXpUbGt5Y0RWa0wzSkllRGMxYldwT01GTkRjVmhKTVZnNVRFVlNRVFJ3ZUZsSWJGVkVjMWc0VEdaT01VaEtSMHh2VWtocE4yeGpjRlJWVjI1SVJYRktWMHh5WVhaNWFVSTNMME5zUzFCTGEyWjBlRGNyU1M5aWVVRTlJbjE5TEhzaVNXNWtaWGdpT2pRc0lsSmxjM0J2Ym5ObElqcDdJbE5sYzNOcGIyNUpSQ0k2SW5SdGJtRlhjMHAxTXpCQ2RVc3JTa1psTldOclQwVnFOak5VZGxSMWVGaHphVXBpWkdKamVFdFlVbk05SWl3aVNXNWtaWGdpT2pBc0lsTjBZWFIxY3lJNmRISjFaU3dpVTJsbmJtRjBkWEpsSWpvaVp6WnNlbXBOUld0VGJ6WjBkR001YjFablFtSk1aMGhDYUZwYU4yNXJkalkwUkU1Tlp6YzFjVXRXY0dkdFNWbFZNblpWYkhrMlNEaGhTV1pHVWtacFNFazRUVEJDV0VKaVlVOWhXVnBwV0Vaek15OHhNelpHVWxKaWJXWk9ia1JXT1VaQlZFdFlWMU5FUzNjOUluMTlYUT09IiwiQ3JlYXRlZEF0IjoiMjAyMi0xMi0wOFQxMzo0MzowNC44MzI0MDNaIn0=","signature":"hUSOm/aMLvoxjeE7D9Xv10UTWP7oNXtlCTcevA3t8OP+MpVK4lJ7eBrzOqbFKLzX7sCks3Nz0pk25TyCyMD7CA==","sender":"kadmil","recipient":""}
1670507219950;0;52;;{"id":"","dkg_round_id":"747cb6ae0812c98205dd2869aa42dc6aa1b051d6b1296fb6b33716eafee1ac37","offset":0,"event":"event_dkg_response_confirm_received","data":"eyJQYXJ0aWNpcGFudElkIjozLCJSZXNwb25zZSI6Ilczc2lTVzVrWlhnaU9qQXNJbEpsYzNCdmJuTmxJanA3SWxObGMzTnBiMjVKUkNJNkluRTRkRkJqTjIxNk9IcFViMDlCVVhSRU5FNVFRVVY1UkdOMlYwNU5WRWRrYldWVldEZE9XRmR3TlZVOUlpd2lTVzVrWlhnaU9qTXNJbE4wWVhSMWN5STZkSEoxWlN3aVUybG5ibUYwZFhKbElqb2lkSEJ6ZEZkSVpqRjJMM0JaUXlzMFNUVm9WVlpXUmpSQlozQjRaRGQwYnpBNVJuYzNVa055Y3pOcmJWcEhiMWRIYVV0RmNYazNXVmRqVFhKUEsyeHpjVlJrZFZOU1p6VjNSbWh6WlZRclN5OHhlaTl5SzFoamIxaGhNakJQVkhoeUsxVkxaa2dyYW1Zd05qQTlJbjE5TEhzaVNXNWtaWGdpT2pFc0lsSmxjM0J2Ym5ObElqcDdJbE5sYzNOcGIyNUpSQ0k2SW1VMlVGRlRkREUyYkhkVVVYWmpZVGxNV2tsalRGWlJPRkExVUdNM1UxcHViQ3RvY25kSVlWcFVZV005SWl3aVNXNWtaWGdpT2pNc0lsTjBZWFIxY3lJNmRISjFaU3dpVTJsbmJtRjBkWEpsSWpvaWFGRk5SRUpXT0VOa2RGbEhjM1YyZUVJdmRuUllTWFpQV0VGQ1NXSkZTSFUxUzJkMFdGRm1PRU5SZEc5UVExaFpjalZGVkhWS1JIbGtRa05xYURaelZVSnFWRVkzVldwbU1WQnlSREpLU201RUt6SklhSGhKVUV0blZqSlZWMnhpYlhKM1VFMXJValpHWXpROUluMTlMSHNpU1c1a1pYZ2lPaklzSWxKbGMzQnZibk5sSWpwN0lsTmxjM05wYjI1SlJDSTZJalpCWmtOSk5VWnBLM0pZTDBabVVIUlNSRkUwWkd0WVQweE5XakJwVkU5UVIydHFXR0pwZW1wRVpGVTlJaXdpU1c1a1pYZ2lPak1zSWxOMFlYUjFjeUk2ZEhKMVpTd2lVMmxuYm1GMGRYSmxJam9pYzNSSWVWQlFWblZUU21Od1dVRk9VSFJsUVhsbk9FUkdWbVZwWVd0RFdtWXdZVWQ2VGpOVU0yRXhTR3BuUjJaUmN6TktlRE5YWVc5ek5GTklkWFl4YlVSeU1YUXpUbGN2TVRSclEzWXhSWE5wU2tobGRYbzNiM1ZpVGtGcWMxSjRVSFJMZFVvNVJHTkxaR3M5SW4xOUxIc2lTVzVrWlhnaU9qUXNJbEpsYzNCdmJuTmxJanA3SWxObGMzTnBiMjVKUkNJNkluUnRibUZYYzBwMU16QkNkVXNyU2tabE5XTnJUMFZxTmpOVWRsUjFlRmh6YVVwaVpHSmplRXRZVW5NOUlpd2lTVzVrWlhnaU9qTXNJbE4wWVhSMWN5STZkSEoxWlN3aVUybG5ibUYwZFhKbElqb2liRm81VG5jNVVucDBUVlI2ZFZoR1ZuQm1kelJOVjBvM2JuTlZNMDVDVFVSTmFqVnRNazVtU20xWmVqSlpZemN5YUdweFMzaGxTMlJEZW1SMFIwSjBVMFJGTm1OQ05WQXZZVU5WWW1ORlYxcFdaa2t4V1hSVGIwZGxkemhOVUZGRVkzZEJTSGhrSzFFMGNITTlJbjE5TEhzaVNXNWtaWGdpT2pVc0lsSmxjM0J2Ym5ObElqcDdJbE5sYzNOcGIyNUpSQ0k2SWpaYWQyWjVlRU16ZW1oeFIxcE9LMlZhUVhGNU5IbGtVV2c0VWxBeVExSkVhWGg1VEVSb2NVeGtTSGM5SWl3aVNXNWtaWGdpT2pNc0lsTjBZWFIxY3lJNmRISjFaU3dpVTJsbmJtRjBkWEpsSWpvaWNIQTVZMGhGT1VJcloyWk1kRFZzWWxKclFWQjFPSE5GUlVOWlRTdFljbmRTWWtkek1WQmpabGRMU0hwQlMzWlVOV2hhT1VaTVMwaHNSMFZXVEZORWNFMUxTM2hWZFhaaFVIaEJhSGxzYWpobVVVaDZWemRxVUc5S1lURTRUSHA1VkRadU9XcElhbXhhYjJzOUluMTlYUT09IiwiQ3JlYXRlZEF0IjoiMjAyMi0xMi0wOFQxNzo0NToyNy4xMjYyNzMrMDQ6MDAifQ==","signature":"9oN8wyXPaVYb2AtfF/G6Ry0CnvVHK6ArN2byIi9GUXIBMfPpF9cSRV3ncN1kqfAjmEeYOUq9Ma0yWXEKVKYgAA==","sender":"george","recipient":""}
1670507221986;0;53;;{"id":"","dkg_round_id":"747cb6ae0812c98205dd2869aa42dc6aa1b051d6b1296fb6b33716eafee1ac37","offset":0,"event":"event_dkg_response_confirm_received","data":"eyJQYXJ0aWNpcGFudElkIjoyLCJSZXNwb25zZSI6Ilczc2lTVzVrWlhnaU9qQXNJbEpsYzNCdmJuTmxJanA3SWxObGMzTnBiMjVKUkNJNkluRTRkRkJqTjIxNk9IcFViMDlCVVhSRU5FNVFRVVY1UkdOMlYwNU5WRWRrYldWVldEZE9XRmR3TlZVOUlpd2lTVzVrWlhnaU9qSXNJbE4wWVhSMWN5STZkSEoxWlN3aVUybG5ibUYwZFhKbElqb2lkR05KZUhSWk1GaEZjSFJ1TlVOWFZuUjZMMnhOY1ZKWlEzaE5Ua1V5U25VclZVZDBSMk5sTDNKTFJUSnNVVGR2YkdoU1pITkZTblpOWTNsUFlVeFlSRmxKUmxaRVVXaDFVMk5zUmpOelVYcGpkVXhoVlU1dGExTmtOMWRGWlZOTk5ERjRVazlIV0N0RlUwazlJbjE5TEhzaVNXNWtaWGdpT2pFc0lsSmxjM0J2Ym5ObElqcDdJbE5sYzNOcGIyNUpSQ0k2SW1VMlVGRlRkREUyYkhkVVVYWmpZVGxNV2tsalRGWlJPRkExVUdNM1UxcHViQ3RvY25kSVlWcFVZV005SWl3aVNXNWtaWGdpT2pJc0lsTjBZWFIxY3lJNmRISjFaU3dpVTJsbmJtRjBkWEpsSWpvaWJFNVJkSFJ4WkZOWGRGUlVNSHBhVEhKNGJTOVRXamRrV0M5SFJUVlRVVVZ1UTBGSVlsSnVObWxOYmk5a2JrMWpLell3ZVdSMWJVeHhVRVJMVjFoNGNWY3dNM0pUV2tKQ1Z6WndaMUkyZVROaFNYTk1jaTk0U0ZWaE1FSnRRMWRSWjBKT2FuazNiRFUzUVZVOUluMTlMSHNpU1c1a1pYZ2lPak1zSWxKbGMzQnZibk5sSWpwN0lsTmxjM05wYjI1SlJDSTZJa2hLUVdScFMwTTJTbmREUTBSS2R6ZEVNemg2VkhwaVJWaFdTR1l2UmpSVmFsVkhWVzUzVWxWdFNITTlJaXdpU1c1a1pYZ2lPaklzSWxOMFlYUjFjeUk2ZEhKMVpTd2lVMmxuYm1GMGRYSmxJam9pYWs1MVpreEpVV3h5VEVWTGMzTk5PREpSTW1rek1ERkNUVFJNYm5sSUszWnRNbmQzT1hod2JFcEtSbE0yV1ZwemJ6VXphWGN2T0ZoTlFpOXFaVU42TjFWVldXaDBZbTVwWmxwcVFWTk1jblpXVDNaSU5ETlBNVFIxUjNCeU9FdE9UVmxpV0c0eFpVNHZSMVU5SW4xOUxIc2lTVzVrWlhnaU9qUXNJbEpsYzNCdmJuTmxJanA3SWxObGMzTnBiMjVKUkNJNkluUnRibUZYYzBwMU16QkNkVXNyU2tabE5XTnJUMFZxTmpOVWRsUjFlRmh6YVVwaVpHSmplRXRZVW5NOUlpd2lTVzVrWlhnaU9qSXNJbE4wWVhSMWN5STZkSEoxWlN3aVUybG5ibUYwZFhKbElqb2lkRkJJUVdscllVdHFNaTgwY1d4dWJqSnNNbk5CVFUwM1RsQlNZakZCUkd4eGVVVk5NM3BXV0VWWFZtRmFZV2N4WkRkc1MwSkhibmtyUm5WaGQzaFRhazAwTW1SUGVVbFZlRVZEV1dOb1VXZHVObGcyVWt3MWFEWTNObU5LWlVKNFIxSnJlRzgyZURNemFVazlJbjE5TEhzaVNXNWtaWGdpT2pVc0lsSmxjM0J2Ym5ObElqcDdJbE5sYzNOcGIyNUpSQ0k2SWpaYWQyWjVlRU16ZW1oeFIxcE9LMlZhUVhGNU5IbGtVV2c0VWxBeVExSkVhWGg1VEVSb2NVeGtTSGM5SWl3aVNXNWtaWGdpT2pJc0lsTjBZWFIxY3lJNmRISjFaU3dpVTJsbmJtRjBkWEpsSWpvaWRIRnNXVmRYTkdZck9WZDNVR0ZMUkc1amIwZEhWbmNyY2poeE9GbFBVbEJSYVVOc1RXVjZRWEl3V0dsemJFVlVaVkJaWTFWbmJrSnNNalkwVDNWc1IwbERia1pOTUZZclJrOWhOMjg0UjBWbWJYcG9Wa1JuTWxGTlVtRndVekJVUW5acVdVa3habkUyUlVrOUluMTlYUT09IiwiQ3JlYXRlZEF0IjoiMjAyMi0xMi0wOFQxNjo0MzowMy4wNDE5OTIrMDM6MDAifQ==","signature":"HjazidrgCeHnc5O6WUle8C/i1CPNUWmbNCbpQG97YlD0qIm1x/W2RoDxnadNEUqnqwSkgEt5l7X8Y1IBx8SpBw==","sender":"Zuzu","recipient":""}
1670507222536;0;54;;{"id":"","dkg_round_id":"747cb6ae0812c98205dd2869aa42dc6aa1b051d6b1296fb6b33716eafee1ac37","offset":0,"event":"event_dkg_response_confirm_received","data":"eyJQYXJ0aWNpcGFudElkIjo0LCJSZXNwb25zZSI6Ilczc2lTVzVrWlhnaU9qRXNJbEpsYzNCdmJuTmxJanA3SWxObGMzTnBiMjVKUkNJNkltVTJVRkZUZERFMmJIZFVVWFpqWVRsTVdrbGpURlpST0ZBMVVHTTNVMXB1YkN0b2NuZElZVnBVWVdNOUlpd2lTVzVrWlhnaU9qUXNJbE4wWVhSMWN5STZkSEoxWlN3aVUybG5ibUYwZFhKbElqb2ljRzlzVDFRMWVXZGpiSEpUWlU0eWFESmFNblpLWVVWWGNqZDVORXAwTWt0UU1ETjNXWEpNUjJOMGRXdExTelZqWWxKa2FIcHdSa2x0V1VGSFpVWkphRkpDU0ZvdmREbDRZaTlDVTFoV04yaHNXa0pWUmswMFZVaDFTRU4wV0hGRlEzRnlUM0J1Y0VwV1pHczlJbjE5TEhzaVNXNWtaWGdpT2pJc0lsSmxjM0J2Ym5ObElqcDdJbE5sYzNOcGIyNUpSQ0k2SWpaQlprTkpOVVpwSzNKWUwwWm1VSFJTUkZFMFpHdFlUMHhOV2pCcFZFOVFSMnRxV0dKcGVtcEVaRlU5SWl3aVNXNWtaWGdpT2pRc0lsTjBZWFIxY3lJNmRISjFaU3dpVTJsbmJtRjBkWEpsSWpvaWMyOWlSbGRLUlN0TlFuVnFWbnBQTW1kTWFqUTJWbVJ6ZUhwMWRIUlZiRVo0ZDJwV1VHWkZkeXQ1ZFRoS1RXcGFNbTAxWkdkYU0xQm5TMDE2TW1aTGRHRkhVa0ZQZERsclNFcDJXRk52WVhZd1NHeHNWREJuY0dsRk9UaFVaSFZhVWt4NVZYcGxWM1JoUVRBOUluMTlMSHNpU1c1a1pYZ2lPak1zSWxKbGMzQnZibk5sSWpwN0lsTmxjM05wYjI1SlJDSTZJa2hLUVdScFMwTTJTbmREUTBSS2R6ZEVNemg2VkhwaVJWaFdTR1l2UmpSVmFsVkhWVzUzVWxWdFNITTlJaXdpU1c1a1pYZ2lPalFzSWxOMFlYUjFjeUk2ZEhKMVpTd2lVMmxuYm1GMGRYSmxJam9pYTBSRGFYZFBOR2dyYnpsclkzbHJNQzh2UVV0UU0xTnJaR05tTlV4ME1UVnVOMmsyY1d0NGNYaGxTbVo1SzJvclYxWmxOMnRtYjNkYVFUWTVSRGNyY1V4SmRtcFJVMU5qU1RSYWNFNVVSRFE1VG5kWGJIaFpVMWxSVGtwSFNUVnhjRmxWVHpsRE1FVm9iWE05SW4xOUxIc2lTVzVrWlhnaU9qVXNJbEpsYzNCdmJuTmxJanA3SWxObGMzTnBiMjVKUkNJNklqWmFkMlo1ZUVNemVtaHhSMXBPSzJWYVFYRjVOSGxrVVdnNFVsQXlRMUpFYVhoNVRFUm9jVXhrU0hjOUlpd2lTVzVrWlhnaU9qUXNJbE4wWVhSMWN5STZkSEoxWlN3aVUybG5ibUYwZFhKbElqb2laekpaVmpaVE1uaHVORXhWUlRWSGVERXhRMnd5UkVWT2VtRkRSaXRRVVZSWGVWSXJSV280Umk5UVUxQkdSemRJYUdsd1pGWklZWE5GV0RKdU1VcE1UMFF4ZDJOcWJEQjRTVlZFUVd0RGRWUktiRVo2WjJkd1J5OVhkV3BQVWxWQk5XaElZM05QVWtwelFuYzlJbjE5TEhzaVNXNWtaWGdpT2pBc0lsSmxjM0J2Ym5ObElqcDdJbE5sYzNOcGIyNUpSQ0k2SW5FNGRGQmpOMjE2T0hwVWIwOUJVWFJFTkU1UVFVVjVSR04yVjA1TlZFZGtiV1ZWV0RkT1dGZHdOVlU5SWl3aVNXNWtaWGdpT2pRc0lsTjBZWFIxY3lJNmRISjFaU3dpVTJsbmJtRjBkWEpsSWpvaWEwNWpWazEzUVdOVlIyTmlja0ZzU1hCcFptUkdaU3RqZG0wd01uZFNhbmc0YUZwVVMzTnBSU3RpUVVZeGVuZFlWM2czT1RRdlRHZFlSME4zV1U1SksxcHdNMmhGUWtKM1lpOURObEJMY0dKRlRuWkJRMUZ1U25wc2FWUlFWbVZNTjNScWRXcHBSM1ZKTlVFOUluMTlYUT09IiwiQ3JlYXRlZEF0IjoiMjAyMi0xMi0wOFQxNDo0Mjo1Ni43NzgwMzErMDE6MDAifQ==","signature":"CEKJIPG7mgIchmA9m7n+D0IkEXSAwzLRfU6KvtrMgONrwtpeG2B/v6Vx39UUeZvExE9KjMEfnhyzdBI2qMONBQ==","sender":"Eugene","recipient":""}
1670507321754;0;55;;{"id":"","dkg_round_id":"747cb6ae0812c98205dd2869aa42dc6aa1b051d6b1296fb6b33716eafee1ac37","offset":0,"event":"event_dkg_master_key_confirm_received","data":"eyJQYXJ0aWNpcGFudElkIjozLCJNYXN0ZXJLZXkiOiJnWm0zcU1hWmlxK3pDcFZYbFBYWEtrVk8wY3IxRzl2OE1HV1hNVlAyVHV0ay93ZWx0RHk1QUh5NlBqN0hidGRXIiwiQ3JlYXRlZEF0IjoiMjAyMi0xMi0wOFQxNzo0NzowNy4yMTI2NTYrMDQ6MDAiLCJQdWJQb2x5QnoiOiJleUpqYjIxdGFYUnRaVzUwY3lJNld5Sm5XbTB6Y1UxaFdtbHhLM3BEY0ZaWWJGQllXRXRyVms4d1kzSXhSemwyT0UxSFYxaE5WbEF5VkhWMGF5OTNaV3gwUkhrMVFVaDVObEJxTjBoaWRHUlhJaXdpYjNOSmNtVmxNVFUzTTJGYWNsUlVaWFF4YjNSa1dHZFFlbUpxVmpkUU1tdDFWRkpyUVUxMWVtOWtiMHBSTDJGeGIzRjJWbXAwY25nek5uVmhTVVYxY0NJc0ltbHhkbEJ6ZEV0MlowOU9RMDk0VkhWcGJtOUpkMHd6ZEdSNFNESjRMM1ZxYWpaaU4yaHlNMlJOU0d4RE5qSklhMEZSTm0xYVdXVjVVUzlXZW1wSmVHRWlMQ0pxY25CNWNFeHJhakp4TVROcloySjJkbUl4TTJwWlIwUk5SbEpDVTFJdmEyWTRUMHQyUnpSMFVIRjVWRzlLUjFFMU9VNHZUMlozZDBVNFRFUnhWWEJhSWwwc0luTm9ZWEpsSWpwdWRXeHNmUT09In0=","signature":"GGUQwpXt8GU6HJUhetLfSW1lfKLUP7jK65ybGD5zl12BTltm1sHpvZ9/23w0PDGOozRqoIcPu8T8VBDSDGiWAA==","sender":"george","recipient":""}
1670507339830;0;56;;{"id":"","dkg_round_id":"747cb6ae0812c98205dd2869aa42dc6aa1b051d6b1296fb6b33716eafee1ac37","offset":0,"event":"event_dkg_master_key_confirm_received","data":"eyJQYXJ0aWNpcGFudElkIjoyLCJNYXN0ZXJLZXkiOiJnWm0zcU1hWmlxK3pDcFZYbFBYWEtrVk8wY3IxRzl2OE1HV1hNVlAyVHV0ay93ZWx0RHk1QUh5NlBqN0hidGRXIiwiQ3JlYXRlZEF0IjoiMjAyMi0xMi0wOFQxNjo0NzowMy4wNjkyNzMrMDM6MDAiLCJQdWJQb2x5QnoiOiJleUpqYjIxdGFYUnRaVzUwY3lJNld5Sm5XbTB6Y1UxaFdtbHhLM3BEY0ZaWWJGQllXRXRyVms4d1kzSXhSemwyT0UxSFYxaE5WbEF5VkhWMGF5OTNaV3gwUkhrMVFVaDVObEJxTjBoaWRHUlhJaXdpYjNOSmNtVmxNVFUzTTJGYWNsUlVaWFF4YjNSa1dHZFFlbUpxVmpkUU1tdDFWRkpyUVUxMWVtOWtiMHBSTDJGeGIzRjJWbXAwY25nek5uVmhTVVYxY0NJc0ltbHhkbEJ6ZEV0MlowOU9RMDk0VkhWcGJtOUpkMHd6ZEdSNFNESjRMM1ZxYWpaaU4yaHlNMlJOU0d4RE5qSklhMEZSTm0xYVdXVjVVUzlXZW1wSmVHRWlMQ0pxY25CNWNFeHJhakp4TVROcloySjJkbUl4TTJwWlIwUk5SbEpDVTFJdmEyWTRUMHQyUnpSMFVIRjVWRzlLUjFFMU9VNHZUMlozZDBVNFRFUnhWWEJhSWwwc0luTm9ZWEpsSWpwdWRXeHNmUT09In0=","signature":"pqfJZ+DI82Nb9YOZoo7mqLYkoxde6b2dAbJ4My+bxFFWOkN1mTftKAK6T3cHXNC3HOCn95LZqlqVgC2SoftbBQ==","sender":"Zuzu","recipient":""}
1670507343359;0;57;;{"id":"","dkg_round_id":"747cb6ae0812c98205dd2869aa42dc6aa1b051d6b1296fb6b33716eafee1ac37","offset":0,"event":"event_dkg_master_key_confirm_received","data":"eyJQYXJ0aWNpcGFudElkIjowLCJNYXN0ZXJLZXkiOiJnWm0zcU1hWmlxK3pDcFZYbFBYWEtrVk8wY3IxRzl2OE1HV1hNVlAyVHV0ay93ZWx0RHk1QUh5NlBqN0hidGRXIiwiQ3JlYXRlZEF0IjoiMjAyMi0xMi0wOFQxMzo0NzowNC44OTYyMDNaIiwiUHViUG9seUJ6IjoiZXlKamIyMXRhWFJ0Wlc1MGN5STZXeUpuV20wemNVMWhXbWx4SzNwRGNGWlliRkJZV0V0clZrOHdZM0l4UnpsMk9FMUhWMWhOVmxBeVZIVjBheTkzWld4MFJIazFRVWg1TmxCcU4waGlkR1JYSWl3aWIzTkpjbVZsTVRVM00yRmFjbFJVWlhReGIzUmtXR2RRZW1KcVZqZFFNbXQxVkZKclFVMTFlbTlrYjBwUkwyRnhiM0YyVm1wMGNuZ3pOblZoU1VWMWNDSXNJbWx4ZGxCemRFdDJaMDlPUTA5NFZIVnBibTlKZDB3emRHUjRTREo0TDNWcWFqWmlOMmh5TTJSTlNHeEROakpJYTBGUk5tMWFXV1Y1VVM5V2VtcEplR0VpTENKcWNuQjVjRXhyYWpKeE1UTnJaMkoyZG1JeE0ycFpSMFJOUmxKQ1UxSXZhMlk0VDB0MlJ6UjBVSEY1Vkc5S1IxRTFPVTR2VDJaM2QwVTRURVJ4VlhCYUlsMHNJbk5vWVhKbElqcHVkV3hzZlE9PSJ9","signature":"vlhF/5lG2GFl0hCJzFDojx2LZij0ztPju+kXOLn6KMY1De0qql8L6Ee1kUp0Ucwjv799u9tGMJxi2D8WG8YnBA==","sender":"kadmil","recipient":""}
1670507358958;0;58;;{"id":"","dkg_round_id":"747cb6ae0812c98205dd2869aa42dc6aa1b051d6b1296fb6b33716eafee1ac37","offset":0,"event":"event_dkg_master_key_confirm_received","data":"eyJQYXJ0aWNpcGFudElkIjo1LCJNYXN0ZXJLZXkiOiJnWm0zcU1hWmlxK3pDcFZYbFBYWEtrVk8wY3IxRzl2OE1HV1hNVlAyVHV0ay93ZWx0RHk1QUh5NlBqN0hidGRXIiwiQ3JlYXRlZEF0IjoiMjAyMi0xMi0wOFQyMDo0NzowMi43NDUxMzI3NzkrMDc6MDAiLCJQdWJQb2x5QnoiOiJleUpqYjIxdGFYUnRaVzUwY3lJNld5Sm5XbTB6Y1UxaFdtbHhLM3BEY0ZaWWJGQllXRXRyVms4d1kzSXhSemwyT0UxSFYxaE5WbEF5VkhWMGF5OTNaV3gwUkhrMVFVaDVObEJxTjBoaWRHUlhJaXdpYjNOSmNtVmxNVFUzTTJGYWNsUlVaWFF4YjNSa1dHZFFlbUpxVmpkUU1tdDFWRkpyUVUxMWVtOWtiMHBSTDJGeGIzRjJWbXAwY25nek5uVmhTVVYxY0NJc0ltbHhkbEJ6ZEV0MlowOU9RMDk0VkhWcGJtOUpkMHd6ZEdSNFNESjRMM1ZxYWpaaU4yaHlNMlJOU0d4RE5qSklhMEZSTm0xYVdXVjVVUzlXZW1wSmVHRWlMQ0pxY25CNWNFeHJhakp4TVROcloySjJkbUl4TTJwWlIwUk5SbEpDVTFJdmEyWTRUMHQyUnpSMFVIRjVWRzlLUjFFMU9VNHZUMlozZDBVNFRFUnhWWEJhSWwwc0luTm9ZWEpsSWpwdWRXeHNmUT09In0=","signature":"okYKUwYtBG8fUk//wnIRiPkZwF4/bf2Uk/cCfGfkpiteYrWZi/4jEv6U1F6iVcq9+gXQaWvSp79b574yVKWGBQ==","sender":"Vlad","recipient":""}
1670507378943;0;59;;{"id":"","dkg_round_id":"747cb6ae0812c98205dd2869aa42dc6aa1b051d6b1296fb6b33716eafee1ac37","offset":0,"event":"event_dkg_master_key_confirm_received","data":"eyJQYXJ0aWNpcGFudElkIjoxLCJNYXN0ZXJLZXkiOiJnWm0zcU1hWmlxK3pDcFZYbFBYWEtrVk8wY3IxRzl2OE1HV1hNVlAyVHV0ay93ZWx0RHk1QUh5NlBqN0hidGRXIiwiQ3JlYXRlZEF0IjoiMjAyMi0xMi0wOFQxNzo0NzowOC40MTc5OTcrMDQ6MDAiLCJQdWJQb2x5QnoiOiJleUpqYjIxdGFYUnRaVzUwY3lJNld5Sm5XbTB6Y1UxaFdtbHhLM3BEY0ZaWWJGQllXRXRyVms4d1kzSXhSemwyT0UxSFYxaE5WbEF5VkhWMGF5OTNaV3gwUkhrMVFVaDVObEJxTjBoaWRHUlhJaXdpYjNOSmNtVmxNVFUzTTJGYWNsUlVaWFF4YjNSa1dHZFFlbUpxVmpkUU1tdDFWRkpyUVUxMWVtOWtiMHBSTDJGeGIzRjJWbXAwY25nek5uVmhTVVYxY0NJc0ltbHhkbEJ6ZEV0MlowOU9RMDk0VkhWcGJtOUpkMHd6ZEdSNFNESjRMM1ZxYWpaaU4yaHlNMlJOU0d4RE5qSklhMEZSTm0xYVdXVjVVUzlXZW1wSmVHRWlMQ0pxY25CNWNFeHJhakp4TVROcloySjJkbUl4TTJwWlIwUk5SbEpDVTFJdmEyWTRUMHQyUnpSMFVIRjVWRzlLUjFFMU9VNHZUMlozZDBVNFRFUnhWWEJhSWwwc0luTm9ZWEpsSWpwdWRXeHNmUT09In0=","signature":"ZihzQSdS56vvE/jYetuOKJ4oKytFu601hAkG+gJHQxZScVASAIolFFmTnf8m+5ppFeZYYi30Uzfyw93GQ8hNDQ==","sender":"bl0ck3man","recipient":""}
1670507384740;0;60;;{"id":"","dkg_round_id":"747cb6ae0812c98205dd2869aa42dc6aa1b051d6b1296fb6b33716eafee1ac37","offset":0,"event":"event_dkg_master_key_confirm_received","data":"eyJQYXJ0aWNpcGFudElkIjo0LCJNYXN0ZXJLZXkiOiJnWm0zcU1hWmlxK3pDcFZYbFBYWEtrVk8wY3IxRzl2OE1HV1hNVlAyVHV0ay93ZWx0RHk1QUh5NlBqN0hidGRXIiwiQ3JlYXRlZEF0IjoiMjAyMi0xMi0wOFQxNDo0NzowNi44MzY5ODUrMDE6MDAiLCJQdWJQb2x5QnoiOiJleUpqYjIxdGFYUnRaVzUwY3lJNld5Sm5XbTB6Y1UxaFdtbHhLM3BEY0ZaWWJGQllXRXRyVms4d1kzSXhSemwyT0UxSFYxaE5WbEF5VkhWMGF5OTNaV3gwUkhrMVFVaDVObEJxTjBoaWRHUlhJaXdpYjNOSmNtVmxNVFUzTTJGYWNsUlVaWFF4YjNSa1dHZFFlbUpxVmpkUU1tdDFWRkpyUVUxMWVtOWtiMHBSTDJGeGIzRjJWbXAwY25nek5uVmhTVVYxY0NJc0ltbHhkbEJ6ZEV0MlowOU9RMDk0VkhWcGJtOUpkMHd6ZEdSNFNESjRMM1ZxYWpaaU4yaHlNMlJOU0d4RE5qSklhMEZSTm0xYVdXVjVVUzlXZW1wSmVHRWlMQ0pxY25CNWNFeHJhakp4TVROcloySjJkbUl4TTJwWlIwUk5SbEpDVTFJdmEyWTRUMHQyUnpSMFVIRjVWRzlLUjFFMU9VNHZUMlozZDBVNFRFUnhWWEJhSWwwc0luTm9ZWEpsSWpwdWRXeHNmUT09In0=","signature":"bPzzao5xdpOpHDHOYuSO5vZctxW+HUXcvXHrlnoCk3Kd2zuSI47V/BpgZIUTi4yHvHxLSVW3QazNyNA8cE/LCQ==","sender":"Eugene","recipient":""}
